{
    "materials":[{
        "DbgIndex":0,
        "mapDiffuseWrap":["repeat","repeat"],
        "colorDiffuse":[0.64,0.64,0.64],
        "depthWrite":true,
        "opacity":1,
        "DbgName":"level_1_ramp",
        "mapDiffuse":"level_1_ramp_texture.png",
        "mapDiffuseAnisotropy":1,
        "depthTest":true,
        "colorEmissive":[0,0,0],
        "transparent":false,
        "wireframe":false,
        "shading":"lambert",
        "mapDiffuseRepeat":[1,1],
        "visible":true,
        "DbgColor":15658734,
        "blending":1,
        "doubleSided":false
    }],
    "influencesPerVertex":2,
    "skinIndices":[],
    "bones":[],
    "vertices":[-28.7856,-9.1651e-07,-20.9673,-28.7856,34.4624,-20.9673,-28.7856,-1.79074e-06,-40.9673,-28.7856,34.4624,-40.9673,-8.7856,-9.1651e-07,-20.9673,-8.7856,34.4624,-20.9673,-8.7856,-1.79074e-06,-40.9673,-8.7856,34.4624,-40.9673,22.144,18.9868,-40.9673,22.144,-1.79074e-06,-40.9673,22.144,-9.1651e-07,-20.9673,22.144,18.9868,-20.9673,42.3814,18.9868,-40.9673,42.3814,-1.79074e-06,-40.9673,42.3814,-9.1651e-07,-20.9673,42.3814,18.9868,-20.9673,22.144,9.83823e-07,22.5072,42.3814,9.83823e-07,22.5072,-28.7856,27.2416,-40.9673,-8.7856,27.2416,-40.9673,-28.7856,38.6879,-103.412,-8.7856,38.6879,-103.412,-28.7856,31.4671,-103.412,-8.7856,31.4671,-103.412,-28.7856,32.9525,-125.687,-8.7856,32.9525,-125.687],
    "faces":[42,2,0,1,0,4,0,1,0,0,0,42,1,3,18,0,1,2,3,1,1,1,42,1,18,2,0,1,3,4,1,1,1,43,7,19,23,21,0,5,6,7,8,2,2,2,2,43,7,5,11,8,0,9,10,11,12,3,3,3,3,43,1,0,4,5,0,15,16,13,14,4,4,4,4,43,7,3,1,5,0,9,17,18,10,5,5,5,5,42,10,16,11,0,19,20,21,6,6,6,42,9,6,19,0,26,22,23,7,7,7,42,19,7,8,0,23,24,25,8,8,8,42,19,8,9,0,23,25,26,7,7,7,43,5,4,10,11,0,14,13,27,28,9,9,9,9,43,13,12,15,14,0,29,30,31,32,10,10,10,10,43,8,11,15,12,0,12,11,33,34,11,11,11,11,43,9,8,12,13,0,26,25,35,36,12,12,12,12,42,14,15,17,0,32,31,37,10,10,10,43,15,11,16,17,0,33,11,38,39,13,13,13,13,43,2,18,19,6,0,40,41,23,22,12,12,12,12,43,22,20,21,23,0,42,43,44,45,12,12,12,12,43,3,7,21,20,0,17,9,46,47,14,14,14,14,43,19,18,22,23,0,48,49,50,51,15,15,15,15,43,18,3,20,22,0,3,2,52,53,1,1,1,1,43,20,21,25,24,0,47,46,54,55,16,16,16,16,42,23,25,21,0,7,56,8,17,17,17,42,24,22,20,0,57,53,52,18,18,18],
    "animations":[],
    "metadata":{
        "generator":"io_three",
        "version":3,
        "materials":1,
        "bones":0,
        "vertices":26,
        "faces":25,
        "type":"Geometry",
        "normals":19,
        "uvs":1
    },
    "normals":[-1,-0,0,-1,0,0,1,0,-0,0.447462,0.894303,-4.41195e-08,0,5.53458e-08,1,0,1,0,-1,-0,0,0,0,-1,-0,-0,-1,-2.19062e-08,3.56853e-08,1,1,0,0,0,1,-9.53674e-08,-0,0,-1,0,0.916415,0.40023,0,0.997718,0.0675145,0,-0.997718,-0.0675146,0,0.968414,-0.249349,1,0,0,-1,-0,-0],
    "skinWeights":[],
    "uvs":[[0.426274,0.00569682,0.617797,0.015746,0.6121,0.129533,0.571971,0.127428,0.420577,0.119484,0.954344,0.00846346,0.994435,0.00569682,0.994345,0.362248,0.954254,0.365015,0.119047,0.38046,0.116506,0.266634,0.294648,0.259667,0.29719,0.373492,0.628926,0.598717,0.8207,0.598717,0.820701,0.712653,0.628926,0.712653,0.00810642,0.382725,0.00556474,0.268899,0.628926,0.951012,0.725752,0.724047,0.725752,0.994303,0.8207,0.297186,0.669108,0.297186,0.628926,0.297186,0.715044,0.120986,0.8207,0.120986,0.628926,0.422516,0.734583,0.422516,0.526234,0.984093,0.420577,0.984093,0.420577,0.870156,0.526234,0.870156,0.406906,0.257375,0.409448,0.371201,0.715044,0.00569682,0.8207,0.00569682,0.526234,0.62249,0.29719,0.00798846,0.409448,0.00569682,0.8207,0.411123,0.669108,0.411123,0.577546,0.736426,0.537364,0.736426,0.537364,0.62249,0.577546,0.62249,0.125188,0.736799,0.0142468,0.739064,0.943125,0.362248,0.83183,0.362248,0.83183,0.00569682,0.943125,0.00569687,0.617797,0.486037,0.577668,0.483931,0.130455,0.862289,0.0195145,0.864554,0.994435,0.489428,0.579577,0.611096]]
}