{
    "uvs":[],
    "materials":[{
        "shading":"lambert",
        "blending":1,
        "colorDiffuse":[0.357327,0.357327,0.357327],
        "depthWrite":true,
        "transparent":false,
        "DbgIndex":0,
        "depthTest":true,
        "opacity":1,
        "visible":true,
        "doubleSided":false,
        "DbgColor":15658734,
        "DbgName":"door",
        "colorEmissive":[0,0,0],
        "wireframe":false
    },{
        "shading":"lambert",
        "blending":1,
        "colorDiffuse":[0.431994,0.431994,0.431994],
        "depthWrite":true,
        "transparent":false,
        "DbgIndex":1,
        "depthTest":true,
        "opacity":1,
        "visible":true,
        "doubleSided":false,
        "DbgColor":15597568,
        "DbgName":"door_hightlight",
        "colorEmissive":[0,0,0],
        "wireframe":false
    }],
    "bones":[],
    "animations":[],
    "normals":[0,5.56654e-08,1,-0,1,0,1,0,0,0,-1,4.04127e-08,-1,0,0,0,3.71103e-08,1,1,0,0,0,4.72962e-08,1,0,1,0,0,7.91022e-08,1,0,-1,-0,-1,0,-0,0,-5.56654e-08,-1,0,1,0,-1,0,-0,0,-3.71103e-08,-1,0,-4.72962e-08,-1,0,-7.91022e-08,-1,-0,-1,0],
    "vertices":[10.2048,-0.0806059,0.921812,10.2048,13.1388,0.921811,0.0056982,-0.0806059,0.921812,0.0056982,13.1388,0.921811,10.2048,3.13169,0.921811,10.2048,4.63872,0.921811,10.2048,8.41944,0.921811,10.2048,9.92647,0.921811,0.0056982,3.13169,0.921811,0.0056982,4.63872,0.921811,0.0056982,8.41944,0.921811,0.0056982,9.92647,0.921811,10.2048,3.13169,1.18991,10.2048,4.63872,1.18991,10.2048,8.41944,1.18991,10.2048,9.92647,1.18991,0.0056982,3.13169,1.18991,0.0056982,4.63872,1.18991,0.0056982,8.41944,1.18991,0.0056982,9.92647,1.18991,10.2048,-0.080606,-0.921812,10.2048,13.1388,-0.921812,0.0056982,-0.080606,-0.921812,0.0056982,13.1388,-0.921812,10.2048,-0.080606,3.5234e-09,10.2048,13.1388,-5.74314e-07,0.0056982,-0.080606,3.5234e-09,0.0056982,13.1388,-5.74314e-07,10.2048,3.13169,-0.921812,10.2048,4.63872,-0.921812,10.2048,8.41944,-0.921812,10.2048,9.92647,-0.921812,0.0056982,3.13169,-0.921812,0.0056982,4.63872,-0.921812,0.0056982,8.41944,-0.921812,0.0056982,9.92647,-0.921812,10.2048,3.13169,-1.36891e-07,10.2048,4.63872,-2.02765e-07,10.2048,8.41944,-3.68026e-07,10.2048,9.92647,-4.339e-07,0.0056982,3.13169,-1.36891e-07,0.0056982,4.63872,-2.02765e-07,0.0056982,8.41944,-3.68026e-07,0.0056982,9.92647,-4.339e-07,10.2048,3.13169,-1.18991,10.2048,4.63872,-1.18991,10.2048,8.41944,-1.18991,10.2048,9.92647,-1.18991,0.0056982,3.13169,-1.18991,0.0056982,4.63872,-1.18991,0.0056982,8.41944,-1.18991,0.0056982,9.92647,-1.18991],
    "skinWeights":[],
    "faces":[35,7,1,3,11,0,0,0,0,0,35,1,25,27,3,0,1,1,1,1,35,7,39,25,1,0,2,2,2,2,35,24,0,2,26,0,3,3,3,3,35,8,40,26,2,0,4,4,4,4,35,3,27,43,11,0,4,4,4,4,35,11,43,42,10,0,4,4,4,4,35,10,42,41,9,0,4,4,4,4,35,9,41,40,8,0,4,4,4,4,35,0,24,36,4,0,2,2,2,2,35,4,36,37,5,1,2,2,2,2,35,5,37,38,6,0,2,2,2,2,35,6,38,39,7,1,2,2,2,2,35,0,4,8,2,0,5,5,5,5,35,6,7,15,14,1,6,6,6,6,35,5,6,10,9,0,7,7,7,7,35,5,9,17,13,1,8,8,8,8,35,12,13,17,16,1,9,9,9,9,35,14,15,19,18,1,9,9,9,9,35,4,5,13,12,1,6,6,6,6,35,10,6,14,18,1,10,10,10,10,35,8,4,12,16,1,10,10,10,10,35,11,10,18,19,1,11,11,11,11,35,7,11,19,15,1,8,8,8,8,35,9,8,16,17,1,11,11,11,11,35,31,35,23,21,0,12,12,12,12,35,21,23,27,25,0,13,13,13,13,35,31,21,25,39,0,2,2,2,2,35,22,20,24,26,0,3,3,3,3,35,32,22,26,40,0,14,14,14,14,35,23,35,43,27,0,14,14,14,14,35,35,34,42,43,0,14,14,14,14,35,34,33,41,42,0,14,14,14,14,35,33,32,40,41,0,14,14,14,14,35,20,28,36,24,0,2,2,2,2,35,28,29,37,36,1,2,2,2,2,35,29,30,38,37,0,2,2,2,2,35,30,31,39,38,1,2,2,2,2,35,20,22,32,28,0,15,15,15,15,35,30,46,47,31,1,2,2,2,2,35,29,33,34,30,0,16,16,16,16,35,29,45,49,33,1,1,1,1,1,35,44,48,49,45,1,17,17,17,17,35,46,50,51,47,1,17,17,17,17,35,28,44,45,29,1,2,2,2,2,35,34,50,46,30,1,18,18,18,18,35,32,48,44,28,1,18,18,18,18,35,35,51,50,34,1,4,4,4,4,35,31,47,51,35,1,1,1,1,1,35,33,49,48,32,1,4,4,4,4],
    "influencesPerVertex":2,
    "metadata":{
        "uvs":0,
        "materials":2,
        "bones":0,
        "generator":"io_three",
        "type":"Geometry",
        "normals":19,
        "vertices":52,
        "faces":50,
        "version":3
    },
    "skinIndices":[]
}