{
    "metadata":{
        "uvs":0,
        "type":"Geometry",
        "normals":6,
        "faces":6,
        "vertices":8,
        "generator":"io_three",
        "version":3,
        "materials":0,
        "bones":0
    },
    "uvs":[],
    "skinWeights":[],
    "materials":[],
    "normals":[1,0,0,0,7.62939e-08,1,-1,-0,0,0,-7.62939e-08,-1,0,1,-7.62939e-08,0,-1,7.62939e-08],
    "influencesPerVertex":2,
    "faces":[35,0,2,3,1,0,0,0,0,0,35,2,6,7,3,0,1,1,1,1,35,6,4,5,7,0,2,2,2,2,35,4,0,1,5,0,3,3,3,3,35,2,0,4,6,0,4,4,4,4,35,7,5,1,3,0,5,5,5,5],
    "vertices":[-100,-100,100,-100,100,100,-100,-100,-100,-100,100,-100,100,-100,100,100,100,100,100,-100,-100,100,100,-100],
    "skinIndices":[],
    "animations":[],
    "bones":[]
}