{"name": "beta_level", "environment_light": 0.5, "player_start": {"z": -52.35223388671875, "x": 56.768699645996094, "y": 1.0}, "view_rotate": 0.0, "level_end": {"z": -103.4122085571289, "x": -18.785598754882812, "radius": 20.249738693237305, "y": 51.39699935913086, "use": true}, "objects": {"practice_target.015": {"location": {"z": -64.8873291015625, "x": 70.7276611328125, "y": 0.06954693794250488}, "model": "practice_target", "name": "practice_target.015", "type": "MESH", "rotation": {"z": -0.0, "x": 0.0, "y": 0.0}, "scale": {"z": 1.0, "x": 1.0, "y": 1.0}}, "practice_target.019": {"location": {"z": -154.23776245117188, "x": -12.83694839477539, "y": 36.57516098022461}, "model": "practice_target", "name": "practice_target.019", "type": "MESH", "rotation": {"z": -0.0, "x": 0.0, "y": 0.0}, "scale": {"z": 1.0, "x": 1.0, "y": 1.0}}, "beta_level_high_room": {"location": {"z": -200.02687072753906, "x": 0.09857368469238281, "y": 36.575157165527344}, "model": "beta_level_high_room", "name": "beta_level_high_room", "type": "MESH", "rotation": {"z": -0.0, "x": 0.0, "y": 0.0}, "scale": {"z": 1.0, "x": 1.0, "y": 1.0}}, "practice_target.011": {"location": {"z": 33.95363998413086, "x": -73.48409271240234, "y": 0.06954312324523926}, "model": "practice_target", "name": "practice_target.011", "type": "MESH", "rotation": {"z": -0.0, "x": 0.0, "y": 0.0}, "scale": {"z": 1.0, "x": 1.0, "y": 1.0}}, "practice_target.029": {"location": {"z": -95.12966918945312, "x": -25.822898864746094, "y": 38.15938949584961}, "model": "practice_target", "name": "practice_target.029", "type": "MESH", "rotation": {"z": -0.0, "x": 0.0, "y": 0.0}, "scale": {"z": 1.0, "x": 1.0, "y": 1.0}}, "practice_target.022": {"location": {"z": -243.25143432617188, "x": 40.11797332763672, "y": 36.575164794921875}, "model": "practice_target", "name": "practice_target.022", "type": "MESH", "rotation": {"z": -0.0, "x": 0.0, "y": 0.0}, "scale": {"z": 1.0, "x": 1.0, "y": 1.0}}, "practice_target.009": {"location": {"z": -70.34652709960938, "x": -31.87360382080078, "y": 0.06954693794250488}, "model": "practice_target", "name": "practice_target.009", "type": "MESH", "rotation": {"z": -0.0, "x": 0.0, "y": 0.0}, "scale": {"z": 1.0, "x": 1.0, "y": 1.0}}, "practice_target.023": {"location": {"z": -171.9904022216797, "x": -42.930572509765625, "y": 36.57516098022461}, "model": "practice_target", "name": "practice_target.023", "type": "MESH", "rotation": {"z": -0.0, "x": 0.0, "y": 0.0}, "scale": {"z": 1.0, "x": 1.0, "y": 1.0}}, "practice_target.028": {"location": {"z": -37.088966369628906, "x": 37.878257751464844, "y": 18.986841201782227}, "model": "practice_target", "name": "practice_target.028", "type": "MESH", "rotation": {"z": -0.0, "x": 0.0, "y": 0.0}, "scale": {"z": 1.0, "x": 1.0, "y": 1.0}}, "practice_target": {"location": {"z": -60.75701141357422, "x": -73.93941497802734, "y": 0.06954693794250488}, "model": "practice_target", "name": "practice_target", "type": "MESH", "rotation": {"z": -0.0, "x": 0.0, "y": 0.0}, "scale": {"z": 1.0, "x": 1.0, "y": 1.0}}, "Sun": {"location": {"z": 24.91632843017578, "x": -32.706268310546875, "y": 33.77847671508789}, "model": "Sun", "name": "Sun", "type": "LAMP", "rotation": {"z": -0.0, "x": 0.0, "y": 0.0}, "data": {"cast_shadow": true, "type": "SUN", "energy": 0.5, "color": {"b": 255, "g": 255, "r": 255}, "spot_size": 0, "decay": 2, "spot_blend": 0, "distance": 2500.0}, "scale": {"z": 1.0, "x": 1.0, "y": 1.0}}, "practice_target.016": {"location": {"z": -127.59638977050781, "x": 38.22261047363281, "y": 36.57516098022461}, "model": "practice_target", "name": "practice_target.016", "type": "MESH", "rotation": {"z": -0.0, "x": 0.0, "y": 0.0}, "scale": {"z": 1.0, "x": 1.0, "y": 1.0}}, "practice_target.003": {"location": {"z": 17.12175750732422, "x": 1.207773208618164, "y": 0.06954503059387207}, "model": "practice_target", "name": "practice_target.003", "type": "MESH", "rotation": {"z": -0.0, "x": 0.0, "y": 0.0}, "scale": {"z": 1.0, "x": 1.0, "y": 1.0}}, "practice_target.005": {"location": {"z": 85.9366226196289, "x": 16.422548294067383, "y": 0.06954550743103027}, "model": "practice_target", "name": "practice_target.005", "type": "MESH", "rotation": {"z": -0.0, "x": 0.0, "y": 0.0}, "scale": {"z": 1.0, "x": 1.0, "y": 1.0}}, "Camera": {"location": {"z": 114.28423309326172, "x": 125.80183410644531, "y": 94.42667388916016}, "model": "Camera", "name": "Camera", "type": "CAMERA", "rotation": {"z": -0.0, "x": 1.1093189716339111, "y": 0.8149281740188599}, "scale": {"z": 1.0, "x": 1.0, "y": 1.0}}, "practice_target.006": {"location": {"z": 47.88437271118164, "x": 24.23088836669922, "y": 0.06954693794250488}, "model": "practice_target", "name": "practice_target.006", "type": "MESH", "rotation": {"z": -0.0, "x": 0.0, "y": 0.0}, "scale": {"z": 1.0, "x": 1.0, "y": 1.0}}, "turret_base": {"location": {"z": 52.884925842285156, "x": -17.958343505859375, "y": 0.0}, "model": "turret_base", "name": "turret_base", "type": "MESH", "rotation": {"z": -0.0, "x": 0.0, "y": 0.0}, "scale": {"z": 1.0, "x": 1.0, "y": 1.0}}, "practice_target.007": {"location": {"z": 48.07414245605469, "x": 47.36042785644531, "y": 0.06954693794250488}, "model": "practice_target", "name": "practice_target.007", "type": "MESH", "rotation": {"z": -0.0, "x": 0.0, "y": 0.0}, "scale": {"z": 1.0, "x": 1.0, "y": 1.0}}, "Sun.001": {"location": {"z": -69.11181640625, "x": 41.40298843383789, "y": 73.80033874511719}, "model": "Sun.001", "name": "Sun.001", "type": "LAMP", "rotation": {"z": -0.0, "x": 0.0, "y": 0.0}, "data": {"cast_shadow": false, "type": "SUN", "energy": 0.5, "color": {"b": 255, "g": 255, "r": 255}, "spot_size": 0, "decay": 2, "spot_blend": 0, "distance": 2500.0}, "scale": {"z": 1.0, "x": 1.0, "y": 1.0}}, "door_frame": {"location": {"z": -7.518198013305664, "x": 72.13814544677734, "y": 0.0}, "model": "door_frame", "name": "door_frame", "type": "MESH", "rotation": {"z": 0.0, "x": 0.0, "y": 0.0}, "scale": {"z": 1.0, "x": 1.0, "y": 1.0}}, "practice_target.017": {"location": {"z": -198.0603485107422, "x": 31.785472869873047, "y": 36.575164794921875}, "model": "practice_target", "name": "practice_target.017", "type": "MESH", "rotation": {"z": -0.0, "x": 0.0, "y": 0.0}, "scale": {"z": 1.0, "x": 1.0, "y": 1.0}}, "practice_target.025": {"location": {"z": -165.7362823486328, "x": 52.438995361328125, "y": 36.57516098022461}, "model": "practice_target", "name": "practice_target.025", "type": "MESH", "rotation": {"z": -0.0, "x": 0.0, "y": 0.0}, "scale": {"z": 1.0, "x": 1.0, "y": 1.0}}, "practice_target.027": {"location": {"z": -26.21240234375, "x": -24.40474510192871, "y": 34.46236801147461}, "model": "practice_target", "name": "practice_target.027", "type": "MESH", "rotation": {"z": -0.0, "x": 0.0, "y": 0.0}, "scale": {"z": 1.0, "x": 1.0, "y": 1.0}}, "practice_target.002": {"location": {"z": 71.17498779296875, "x": -66.71817016601562, "y": 0.06954741477966309}, "model": "practice_target", "name": "practice_target.002", "type": "MESH", "rotation": {"z": -0.0, "x": 0.0, "y": 0.0}, "scale": {"z": 1.0, "x": 1.0, "y": 1.0}}, "practice_target.026": {"location": {"z": -267.2314758300781, "x": -66.63247680664062, "y": 36.575164794921875}, "model": "practice_target", "name": "practice_target.026", "type": "MESH", "rotation": {"z": -0.0, "x": 0.0, "y": 0.0}, "scale": {"z": 1.0, "x": 1.0, "y": 1.0}}, "beta_level_ramp": {"location": {"z": -0.0, "x": 0.0, "y": 0.0}, "model": "beta_level_ramp", "name": "beta_level_ramp", "type": "MESH", "rotation": {"z": -0.0, "x": 0.0, "y": 0.0}, "scale": {"z": 1.0, "x": 1.0, "y": 1.0}}, "level_1_terrain": {"location": {"z": -0.0, "x": 0.0, "y": 0.0}, "model": "beta_level_terrain", "name": "level_1_terrain", "type": "MESH", "rotation": {"z": -0.0, "x": 0.0, "y": 0.0}, "scale": {"z": 1.0, "x": 1.0, "y": 1.0}}, "practice_target.021": {"location": {"z": -135.25633239746094, "x": -52.603553771972656, "y": 36.57516098022461}, "model": "practice_target", "name": "practice_target.021", "type": "MESH", "rotation": {"z": -0.0,