{"player_start": {"y": 1.0, "z": -52.35223388671875, "x": 56.768699645996094}, "objects": {"practice_target.024": {"location": {"y": 36.57516098022461, "z": -133.2146759033203, "x": -75.72900390625}, "type": "MESH", "scale": {"y": 1.0, "z": 1.0, "x": 1.0}, "model": "practice_target", "rotation": {"y": 0.0, "z": -0.0, "x": 0.0}, "name": "practice_target.024"}, "practice_target.028": {"location": {"y": 18.986841201782227, "z": -37.088966369628906, "x": 37.878257751464844}, "type": "MESH", "scale": {"y": 1.0, "z": 1.0, "x": 1.0}, "model": "practice_target", "rotation": {"y": 0.0, "z": -0.0, "x": 0.0}, "name": "practice_target.028"}, "practice_target.027": {"location": {"y": 34.46236801147461, "z": -26.21240234375, "x": -24.40474510192871}, "type": "MESH", "scale": {"y": 1.0, "z": 1.0, "x": 1.0}, "model": "practice_target", "rotation": {"y": 0.0, "z": -0.0, "x": 0.0}, "name": "practice_target.027"}, "practice_target.014": {"location": {"y": 0.06954503059387207, "z": 20.242900848388672, "x": 77.40280151367188}, "type": "MESH", "scale": {"y": 1.0, "z": 1.0, "x": 1.0}, "model": "practice_target", "rotation": {"y": 0.0, "z": -0.0, "x": 0.0}, "name": "practice_target.014"}, "practice_target.012": {"location": {"y": 0.06954693794250488, "z": 73.37741088867188, "x": 61.87044906616211}, "type": "MESH", "scale": {"y": 1.0, "z": 1.0, "x": 1.0}, "model": "practice_target", "rotation": {"y": 0.0, "z": -0.0, "x": 0.0}, "name": "practice_target.012"}, "practice_target.006": {"location": {"y": 0.06954693794250488, "z": 47.88437271118164, "x": 24.23088836669922}, "type": "MESH", "scale": {"y": 1.0, "z": 1.0, "x": 1.0}, "model": "practice_target", "rotation": {"y": 0.0, "z": -0.0, "x": 0.0}, "name": "practice_target.006"}, "practice_target": {"location": {"y": 0.06954693794250488, "z": -60.75701141357422, "x": -73.93941497802734}, "type": "MESH", "scale": {"y": 1.0, "z": 1.0, "x": 1.0}, "model": "practice_target", "rotation": {"y": 0.0, "z": -0.0, "x": 0.0}, "name": "practice_target"}, "practice_target.013": {"location": {"y": 0.06954741477966309, "z": 78.18536376953125, "x": 80.28763580322266}, "type": "MESH", "scale": {"y": 1.0, "z": 1.0, "x": 1.0}, "model": "practice_target", "rotation": {"y": 0.0, "z": -0.0, "x": 0.0}, "name": "practice_target.013"}, "practice_target.025": {"location": {"y": 36.57516098022461, "z": -165.7362823486328, "x": 52.438995361328125}, "type": "MESH", "scale": {"y": 1.0, "z": 1.0, "x": 1.0}, "model": "practice_target", "rotation": {"y": 0.0, "z": -0.0, "x": 0.0}, "name": "practice_target.025"}, "level_1_terrain": {"location": {"y": 0.0, "z": -0.0, "x": 0.0}, "type": "MESH", "scale": {"y": 1.0, "z": 1.0, "x": 1.0}, "model": "beta_level_terrain", "rotation": {"y": 0.0, "z": -0.0, "x": 0.0}, "name": "level_1_terrain"}, "Sun": {"location": {"y": 33.77847671508789, "z": 24.91632843017578, "x": -32.706268310546875}, "data": {"spot_blend": 0, "distance": 2500.0, "cast_shadow": true, "type": "SUN", "decay": 2, "color": {"b": 255, "g": 255, "r": 255}, "spot_size": 0, "energy": 0.5}, "type": "LAMP", "scale": {"y": 1.0, "z": 1.0, "x": 1.0}, "model": "Sun", "rotation": {"y": 0.0, "z": -0.0, "x": 0.0}, "name": "Sun"}, "door_frame": {"location": {"y": 0.0, "z": -7.518198013305664, "x": 72.13814544677734}, "type": "MESH", "scale": {"y": 1.0, "z": 1.0, "x": 1.0}, "model": "door_frame", "rotation": {"y": 0.0, "z": 0.0, "x": 0.0}, "name": "door_frame"}, "practice_target.011": {"location": {"y": 0.06954312324523926, "z": 33.95363998413086, "x": -73.48409271240234}, "type": "MESH", "scale": {"y": 1.0, "z": 1.0, "x": 1.0}, "model": "practice_target", "rotation": {"y": 0.0, "z": -0.0, "x": 0.0}, "name": "practice_target.011"}, "beta_level_ramp": {"location": {"y": 0.0, "z": -0.0, "x": 0.0}, "type": "MESH", "scale": {"y": 1.0, "z": 1.0, "x": 1.0}, "model": "beta_level_ramp", "rotation": {"y": 0.0, "z": -0.0, "x": 0.0}, "name": "beta_level_ramp"}, "practice_target.023": {"location": {"y": 36.57516098022461, "z": -171.9904022216797, "x": -42.930572509765625}, "type": "MESH", "scale": {"y": 1.0, "z": 1.0, "x": 1.0}, "model": "practice_target", "rotation": {"y": 0.0, "z": -0.0, "x": 0.0}, "name": "practice_target.023"}, "practice_target.008": {"location": {"y": 0.06954312324523926, "z": -67.38186645507812, "x": 12.302614212036133}, "type": "MESH", "scale": {"y": 1.0, "z": 1.0, "x": 1.0}, "model": "practice_target", "rotation": {"y": 0.0, "z": -0.0, "x": 0.0}, "name": "practice_target.008"}, "practice_target.019": {"location": {"y": 36.57516098022461, "z": -154.23776245117188, "x": -12.83694839477539}, "type": "MESH", "scale": {"y": 1.0, "z": 1.0, "x": 1.0}, "model": "practice_target", "rotation": {"y": 0.0, "z": -0.0, "x": 0.0}, "name": "practice_target.019"}, "practice_target.015": {"location": {"y": 0.06954693794250488, "z": -64.8873291015625, "x": 70.7276611328125}, "type": "MESH", "scale": {"y": 1.0, "z": 1.0, "x": 1.0}, "model": "practice_target", "rotation": {"y": 0.0, "z": -0.0, "x": 0.0}, "name": "practice_target.015"}, "Sun.001": {"location": {"y": 73.80033874511719, "z": -69.11181640625, "x": 41.40298843383789}, "data": {"spot_blend": 0, "distance": 2500.0, "cast_shadow": false, "type": "SUN", "decay": 2, "color": {"b": 255, "g": 255, "r": 255}, "spot_size": 0, "energy": 0.5}, "type": "LAMP", "scale": {"y": 1.0, "z": 1.0, "x": 1.0}, "model": "Sun.001", "rotation": {"y": 0.0, "z": -0.0, "x": 0.0}, "name": "Sun.001"}, "practice_target.010": {"location": {"y": 0.06954693794250488, "z": 27.978538513183594, "x": -37.19694137573242}, "type": "MESH", "scale": {"y": 1.0, "z": 1.0, "x": 1.0}, "model": "practice_target", "rotation": {"y": 0.0, "z": -0.0, "x": 0.0}, "name": "practice_target.010"}, "practice_target.018": {"location": {"y": 36.57516098022461, "z": -229.84486389160156, "x": -24.067745208740234}, "type": "MESH", "scale": {"y": 1.0, "z": 1.0, "x": 1.0}, "model": "practice_target", "rotation": {"y": 0.0, "z": -0.0, "x": 0.0}, "name": "practice_target.018"}, "practice_target.029": {"location": {"y": 38.15938949584961, "z": -95.12966918945312, "x": -25.822898864746094}, "type": "MESH", "scale": {"y": 1.0, "z": 1.0, "x": 1.0}, "model": "practice_target", "rotation": {"y": 0.0, "z": -0.0, "x": 0.0}, "name": "practice_target.029"}, "practice_target.003": {"location": {"y": 0.06954503059387207, "z": 17.12175750732422, "x": 1.207773208618164}, "type": "MESH", "scale": {"y": 1.0, "z": 1.0, "x": 1.0}, "model": "practice_target", "rotation": {"y": 0.0, "z": -0.0, "x": 0.0}, "name": "practice_target.003"}, "practice_target.009": {"location": {"y": 0.06954693794250488, "z": -70.34652709960938, "x": -31.87360382080078}, "type": "MESH", "scale": {"y": 1.0, "z": 1.0, "x": 1.0}, "model": "practice_target", "rotation": {"y": 0.0, "z": -0.0, "x": 0.0}, "name": "practice_target.009"}, "practice_target.016": {"location": {"y": 36.57516098022461, "z": -127.59638977050781, "x": 38.22261047363281}, "type": "MESH", "scale": {"y": 1.0, "z": 1.0, "x": 1.0}, "model": "practice_target", "rotation": {"y": 0.0, "z": -0.0, "x": 0.0}, "name": "practice_target.016"}, "turret_base": {"location": {"y": 0.0, "z": 52.884925842285156, "x": -17.958343505859375}, "type": "MESH", "scale": {"y": 1.0, "z": 1.0, "x": 1.0}, "model": "turret_base", "rotation": {"y": 0.0, "z": -0.0, "x": 0.0}, "name": "turret_base"}, "practice_target.021": {"location": {"y": 36.57516098022461, "z": -135.25633239746094, "x": -52.603553771972656}, "type": "MESH", "scale": {"y": 1.0, "z": 1.0, "x": 1.0}, "model": "practice_target", "rotation": {"y": 0.0, "z": -0.0, "x": 0.0}, "name": "practice_target.021"}, "practice_target.007": {"location": {"y": 0.06954693794250488, "z": 48.07414245605469, "x": 47.36042785644531}, "type": "MESH", "scale": {"y": 1.0, "z": 1.0, "x": 1.0}, "model": "practice_target", "rotation": {"y": 0.0, "z": -0.0, "x": 0.0}, "name": "practice_target.007"}, "practice_target.022": {"location": {"y": 36.575164794921875, "z": -243.25143432617188, "x": 40.11797332763672}, "type": "MESH", "scale": {"y": 1.0,