{"environment_light": 0.5, "player_start": {"y": 1.0, "z": -52.35223388671875, "x": 56.768699645996094}, "objects": {"Sun.001": {"type": "LAMP", "location": {"y": 73.80033874511719, "z": -69.11181640625, "x": 41.40298843383789}, "scale": {"y": 1.0, "z": 1.0, "x": 1.0}, "model": "Sun.001", "data": {"type": "SUN", "energy": 0.5, "color": {"g": 255, "b": 255, "r": 255}, "distance": 2500.0, "spot_blend": 0, "cast_shadow": false, "spot_size": 0, "decay": 2}, "rotation": {"y": 0.0, "z": -0.0, "x": 0.0}, "name": "Sun.001"}, "practice_target.028": {"type": "MESH", "location": {"y": 18.986841201782227, "z": -37.088966369628906, "x": 37.878257751464844}, "scale": {"y": 1.0, "z": 1.0, "x": 1.0}, "model": "practice_target", "rotation": {"y": 0.0, "z": -0.0, "x": 0.0}, "name": "practice_target.028"}, "practice_target.025": {"type": "MESH", "location": {"y": 36.57516098022461, "z": -165.7362823486328, "x": 52.438995361328125}, "scale": {"y": 1.0, "z": 1.0, "x": 1.0}, "model": "practice_target", "rotation": {"y": 0.0, "z": -0.0, "x": 0.0}, "name": "practice_target.025"}, "practice_target.019": {"type": "MESH", "location": {"y": 36.57516098022461, "z": -154.23776245117188, "x": -12.83694839477539}, "scale": {"y": 1.0, "z": 1.0, "x": 1.0}, "model": "practice_target", "rotation": {"y": 0.0, "z": -0.0, "x": 0.0}, "name": "practice_target.019"}, "practice_target.020": {"type": "MESH", "location": {"y": 36.57516098022461, "z": -210.06077575683594, "x": -57.29474639892578}, "scale": {"y": 1.0, "z": 1.0, "x": 1.0}, "model": "practice_target", "rotation": {"y": 0.0, "z": -0.0, "x": 0.0}, "name": "practice_target.020"}, "practice_target.022": {"type": "MESH", "location": {"y": 36.575164794921875, "z": -243.25143432617188, "x": 40.11797332763672}, "scale": {"y": 1.0, "z": 1.0, "x": 1.0}, "model": "practice_target", "rotation": {"y": 0.0, "z": -0.0, "x": 0.0}, "name": "practice_target.022"}, "practice_target.014": {"type": "MESH", "location": {"y": 0.06954503059387207, "z": 20.242900848388672, "x": 77.40280151367188}, "scale": {"y": 1.0, "z": 1.0, "x": 1.0}, "model": "practice_target", "rotation": {"y": 0.0, "z": -0.0, "x": 0.0}, "name": "practice_target.014"}, "practice_target.011": {"type": "MESH", "location": {"y": 0.06954312324523926, "z": 33.95363998413086, "x": -73.48409271240234}, "scale": {"y": 1.0, "z": 1.0, "x": 1.0}, "model": "practice_target", "rotation": {"y": 0.0, "z": -0.0, "x": 0.0}, "name": "practice_target.011"}, "practice_target.021": {"type": "MESH", "location": {"y": 36.57516098022461, "z": -135.25633239746094, "x": -52.603553771972656}, "scale": {"y": 1.0, "z": 1.0, "x": 1.0}, "model": "practice_target", "rotation": {"y": 0.0, "z": -0.0, "x": 0.0}, "name": "practice_target.021"}, "practice_target.018": {"type": "MESH", "location": {"y": 36.57516098022461, "z": -229.84486389160156, "x": -24.067745208740234}, "scale": {"y": 1.0, "z": 1.0, "x": 1.0}, "model": "practice_target", "rotation": {"y": 0.0, "z": -0.0, "x": 0.0}, "name": "practice_target.018"}, "practice_target.016": {"type": "MESH", "location": {"y": 36.57516098022461, "z": -127.59638977050781, "x": 38.22261047363281}, "scale": {"y": 1.0, "z": 1.0, "x": 1.0}, "model": "practice_target", "rotation": {"y": 0.0, "z": -0.0, "x": 0.0}, "name": "practice_target.016"}, "practice_target.007": {"type": "MESH", "location": {"y": 0.06954693794250488, "z": 48.07414245605469, "x": 47.36042785644531}, "scale": {"y": 1.0, "z": 1.0, "x": 1.0}, "model": "practice_target", "rotation": {"y": 0.0, "z": -0.0, "x": 0.0}, "name": "practice_target.007"}, "practice_target.026": {"type": "MESH", "location": {"y": 36.575164794921875, "z": -267.2314758300781, "x": -66.63247680664062}, "scale": {"y": 1.0, "z": 1.0, "x": 1.0}, "model": "practice_target", "rotation": {"y": 0.0, "z": -0.0, "x": 0.0}, "name": "practice_target.026"}, "beta_level_high_room": {"type": "MESH", "location": {"y": 36.575157165527344, "z": -200.02687072753906, "x": 0.09857368469238281}, "scale": {"y": 1.0, "z": 1.0, "x": 1.0}, "model": "beta_level_high_room", "rotation": {"y": 0.0, "z": -0.0, "x": 0.0}, "name": "beta_level_high_room"}, "practice_target.010": {"type": "MESH", "location": {"y": 0.06954693794250488, "z": 27.978538513183594, "x": -37.19694137573242}, "scale": {"y": 1.0, "z": 1.0, "x": 1.0}, "model": "practice_target", "rotation": {"y": 0.0, "z": -0.0, "x": 0.0}, "name": "practice_target.010"}, "practice_target.006": {"type": "MESH", "location": {"y": 0.06954693794250488, "z": 47.88437271118164, "x": 24.23088836669922}, "scale": {"y": 1.0, "z": 1.0, "x": 1.0}, "model": "practice_target", "rotation": {"y": 0.0, "z": -0.0, "x": 0.0}, "name": "practice_target.006"}, "turret_base": {"type": "MESH", "location": {"y": 0.0, "z": 52.884925842285156, "x": -17.958343505859375}, "scale": {"y": 1.0, "z": 1.0, "x": 1.0}, "model": "turret_base", "rotation": {"y": 0.0, "z": -0.0, "x": 0.0}, "name": "turret_base"}, "level_1_terrain": {"type": "MESH", "location": {"y": 0.0, "z": -0.0, "x": 0.0}, "scale": {"y": 1.0, "z": 1.0, "x": 1.0}, "model": "beta_level_terrain", "rotation": {"y": 0.0, "z": -0.0, "x": 0.0}, "name": "level_1_terrain"}, "practice_target.003": {"type": "MESH", "location": {"y": 0.06954503059387207, "z": 17.12175750732422, "x": 1.207773208618164}, "scale": {"y": 1.0, "z": 1.0, "x": 1.0}, "model": "practice_target", "rotation": {"y": 0.0, "z": -0.0, "x": 0.0}, "name": "practice_target.003"}, "practice_target.023": {"type": "MESH", "location": {"y": 36.57516098022461, "z": -171.9904022216797, "x": -42.930572509765625}, "scale": {"y": 1.0, "z": 1.0, "x": 1.0}, "model": "practice_target", "rotation": {"y": 0.0, "z": -0.0, "x": 0.0}, "name": "practice_target.023"}, "practice_target.004": {"type": "MESH", "location": {"y": 0.06954693794250488, "z": 77.16831970214844, "x": -20.596895217895508}, "scale": {"y": 1.0, "z": 1.0, "x": 1.0}, "model": "practice_target", "rotation": {"y": 0.0, "z": -0.0, "x": 0.0}, "name": "practice_target.004"}, "practice_target.013": {"type": "MESH", "location": {"y": 0.06954741477966309, "z": 78.18536376953125, "x": 80.28763580322266}, "scale": {"y": 1.0, "z": 1.0, "x": 1.0}, "model": "practice_target", "rotation": {"y": 0.0, "z": -0.0, "x": 0.0}, "name": "practice_target.013"}, "Camera": {"type": "CAMERA", "location": {"y": 94.42667388916016, "z": 114.28423309326172, "x": 125.80183410644531}, "scale": {"y": 1.0, "z": 1.0, "x": 1.0}, "model": "Camera", "rotation": {"y": 0.8149281740188599, "z": -0.0, "x": 1.1093189716339111}, "name": "Camera"}, "practice_target": {"type": "MESH", "location": {"y": 0.06954693794250488, "z": -60.75701141357422, "x": -73.93941497802734}, "scale": {"y": 1.0, "z": 1.0, "x": 1.0}, "model": "practice_target", "rotation": {"y": 0.0, "z": -0.0, "x": 0.0}, "name": "practice_target"}, "practice_target.009": {"type": "MESH", "location": {"y": 0.06954693794250488, "z": -70.34652709960938, "x": -31.87360382080078}, "scale": {"y": 1.0, "z": 1.0, "x": 1.0}, "model": "practice_target", "rotation": {"y": 0.0, "z": -0.0, "x": 0.0}, "name": "practice_target.009"}, "practice_target.024": {"type": "MESH", "location": {"y": 36.57516098022461, "z": -133.2146759033203, "x": -75.72900390625}, "scale": {"y": 1.0, "z": 1.0, "x": 1.0}, "model": "practice_target", "rotation": {"y": 0.0, "z": -0.0, "x": 0.0}, "name": "practice_target.024"}, "practice_target.029": {"type": "MESH", "location": {"y": 38.15938949584961, "z": -95.12966918945312, "x": -25.822898864746094}, "scale": {"y": 1.0, "z": 1.0, "x": 1.0}, "model": "practice_target", "rotation": {"y": 0.0, "z": -0.0, "x": 0.0}, "name": "practice_target.029"}, "practice_target.015": {"type": "MESH", "location": {"y": 0.06954693794250488, "z": -64.8873291015625, "x": 70.7276611328125}, "scale": {"y": 1.0, "z": 1.0, "x": 1.0}, "model": "practice_target", "rotation": {"y": 0.0, "z": -0.0, "x": 0.0}, "name": "practice_target.015"}, "beta_level_ramp": {"type": "MESH", "location": {"y": 0.0, "z": -0.0, "x": 0.0}, "scale": {"y": 1.0, "z": 1.0, "x": 1.0},