{"objects": {"trigger_target.003": {"scale": {"y": 1.0, "x": 1.0, "z": 1.0}, "location": {"y": 28.07568359375, "x": -144.63662719726562, "z": 337.6375427246094}, "type": "MESH", "name": "trigger_target.003", "model": "trigger_target", "rotation": {"y": 3.1415929794311523, "x": 0.0, "z": 0.0}}, "Sun.001": {"scale": {"y": 1.0, "x": 1.0, "z": 1.0}, "location": {"y": 73.80033874511719, "x": 41.40298843383789, "z": -69.11181640625}, "data": {"distance": 2500.0, "spot_blend": 0, "type": "SUN", "color": {"r": 255, "g": 255, "b": 255}, "decay": 2, "cast_shadow": false, "spot_size": 0, "energy": 0.5}, "type": "LAMP", "name": "Sun.001", "model": "Sun.001", "rotation": {"y": 0.0, "x": 0.0, "z": -0.0}}, "trigger_target": {"scale": {"y": 1.0, "x": 1.0, "z": 1.0}, "location": {"y": 12.467565536499023, "x": -144.35841369628906, "z": 271.54254150390625}, "type": "MESH", "name": "trigger_target", "model": "trigger_target", "rotation": {"y": 0.0, "x": 0.0, "z": -0.0}}, "Camera": {"scale": {"y": 0.9999999403953552, "x": 0.9999999403953552, "z": 0.9999999403953552}, "location": {"y": 157.5501251220703, "x": 118.1231918334961, "z": 166.88754272460938}, "type": "CAMERA", "name": "Camera", "model": "Camera", "rotation": {"y": 0.6717243194580078, "x": 1.0212992429733276, "z": 2.837018371337763e-07}}, "level_1_terrain": {"scale": {"y": 1.0, "x": 1.0, "z": 1.0}, "location": {"y": 0.0, "x": 0.0, "z": -0.0}, "type": "MESH", "name": "level_1_terrain", "model": "level_1_terrain", "rotation": {"y": 0.0, "x": 0.0, "z": -0.0}}, "door": {"scale": {"y": 1.0, "x": 1.0, "z": 1.0}, "location": {"y": -2.08467960357666, "x": -144.63662719726562, "z": 338.3477783203125}, "type": "MESH", "name": "door", "model": "door_frame", "rotation": {"y": 0.0, "x": 0.0, "z": -0.0}}, "Sun": {"scale": {"y": 1.0, "x": 1.0, "z": 1.0}, "location": {"y": 33.77847671508789, "x": -32.706268310546875, "z": 24.91632843017578}, "data": {"distance": 2500.0, "spot_blend": 0, "type": "SUN", "color": {"r": 255, "g": 255, "b": 255}, "decay": 2, "cast_shadow": true, "spot_size": 0, "energy": 0.5}, "type": "LAMP", "name": "Sun", "model": "Sun", "rotation": {"y": 0.0, "x": 0.0, "z": -0.0}}, "trigger_target.001": {"scale": {"y": 1.0, "x": 1.0, "z": 1.0}, "location": {"y": 35.57509231567383, "x": -215.93077087402344, "z": 244.19784545898438}, "type": "MESH", "name": "trigger_target.001", "model": "trigger_target", "rotation": {"y": 1.5707963705062866, "x": 0.0, "z": 0.0}}, "trigger_target.002": {"scale": {"y": 1.0, "x": 1.0, "z": 1.0}, "location": {"y": 20.98334503173828, "x": -73.27235412597656, "z": 155.44134521484375}, "type": "MESH", "name": "trigger_target.002", "model": "trigger_target", "rotation": {"y": 4.71238899230957, "x": 0.0, "z": 0.0}}, "level_1_lower_ground": {"scale": {"y": 1.0, "x": 1.0, "z": 1.0}, "location": {"y": -7.0, "x": 3.814697265625e-06, "z": 246.62998962402344}, "type": "MESH", "name": "level_1_lower_ground", "model": "level_1_lower_ground", "rotation": {"y": 0.0, "x": 0.0, "z": -0.0}}}, "horizon_color": {"r": 0, "g": 119, "b": 255}, "view_rotate": -1.5707963705062866, "player_start": {"y": 7.89298677444458, "x": -9.5367431640625e-07, "z": -2.86102294921875e-06}, "name": "level_1", "level_end": {"use": true, "radius": 18.365224838256836, "y": -0.697019100189209, "x": -144.63662719726562, "z": 359.13092041015625}, "environment_light": 0.5}