{"objects": {"practice_target.028": {"model": "practice_target", "type": "MESH", "scale": {"y": 1.0, "z": 1.0, "x": 1.0}, "name": "practice_target.028", "rotation": {"y": 0.0, "z": -0.0, "x": 0.0}, "location": {"y": 18.986841201782227, "z": -37.088966369628906, "x": 37.878257751464844}}, "practice_target.011": {"model": "practice_target", "type": "MESH", "scale": {"y": 1.0, "z": 1.0, "x": 1.0}, "name": "practice_target.011", "rotation": {"y": 0.0, "z": -0.0, "x": 0.0}, "location": {"y": 0.06954312324523926, "z": 33.95363998413086, "x": -73.48409271240234}}, "practice_target.002": {"model": "practice_target", "type": "MESH", "scale": {"y": 1.0, "z": 1.0, "x": 1.0}, "name": "practice_target.002", "rotation": {"y": 0.0, "z": -0.0, "x": 0.0}, "location": {"y": 0.06954741477966309, "z": 71.17498779296875, "x": -66.71817016601562}}, "practice_target.013": {"model": "practice_target", "type": "MESH", "scale": {"y": 1.0, "z": 1.0, "x": 1.0}, "name": "practice_target.013", "rotation": {"y": 0.0, "z": -0.0, "x": 0.0}, "location": {"y": 0.06954741477966309, "z": 78.18536376953125, "x": 80.28763580322266}}, "Sun.001": {"model": "Sun.001", "type": "LAMP", "scale": {"y": 1.0, "z": 1.0, "x": 1.0}, "name": "Sun.001", "rotation": {"y": 0.0, "z": -0.0, "x": 0.0}, "location": {"y": 73.80033874511719, "z": -69.11181640625, "x": 41.40298843383789}, "data": {"type": "SUN", "energy": 0.5, "spot_blend": 0, "color": {"r": 255, "b": 255, "g": 255}, "decay": 2, "cast_shadow": false, "spot_size": 0, "distance": 2500.0}}, "practice_target.023": {"model": "practice_target", "type": "MESH", "scale": {"y": 1.0, "z": 1.0, "x": 1.0}, "name": "practice_target.023", "rotation": {"y": 0.0, "z": -0.0, "x": 0.0}, "location": {"y": 36.57516098022461, "z": -171.9904022216797, "x": -42.930572509765625}}, "practice_target.010": {"model": "practice_target", "type": "MESH", "scale": {"y": 1.0, "z": 1.0, "x": 1.0}, "name": "practice_target.010", "rotation": {"y": 0.0, "z": -0.0, "x": 0.0}, "location": {"y": 0.06954693794250488, "z": 27.978538513183594, "x": -37.19694137573242}}, "practice_target.020": {"model": "practice_target", "type": "MESH", "scale": {"y": 1.0, "z": 1.0, "x": 1.0}, "name": "practice_target.020", "rotation": {"y": 0.0, "z": -0.0, "x": 0.0}, "location": {"y": 36.57516098022461, "z": -210.06077575683594, "x": -57.29474639892578}}, "practice_target.003": {"model": "practice_target", "type": "MESH", "scale": {"y": 1.0, "z": 1.0, "x": 1.0}, "name": "practice_target.003", "rotation": {"y": 0.0, "z": -0.0, "x": 0.0}, "location": {"y": 0.06954503059387207, "z": 17.12175750732422, "x": 1.207773208618164}}, "practice_target.009": {"model": "practice_target", "type": "MESH", "scale": {"y": 1.0, "z": 1.0, "x": 1.0}, "name": "practice_target.009", "rotation": {"y": 0.0, "z": -0.0, "x": 0.0}, "location": {"y": 0.06954693794250488, "z": -70.34652709960938, "x": -31.87360382080078}}, "practice_target": {"model": "practice_target", "type": "MESH", "scale": {"y": 1.0, "z": 1.0, "x": 1.0}, "name": "practice_target", "rotation": {"y": 0.0, "z": -0.0, "x": 0.0}, "location": {"y": 0.06954693794250488, "z": -60.75701141357422, "x": -73.93941497802734}}, "practice_target.017": {"model": "practice_target", "type": "MESH", "scale": {"y": 1.0, "z": 1.0, "x": 1.0}, "name": "practice_target.017", "rotation": {"y": 0.0, "z": -0.0, "x": 0.0}, "location": {"y": 36.575164794921875, "z": -198.0603485107422, "x": 31.785472869873047}}, "Plane": {"model": "Plane", "type": "MESH", "scale": {"y": 1.0, "z": 1.0, "x": 1.0}, "name": "Plane", "rotation": {"y": 0.0, "z": -0.0, "x": 0.0}, "location": {"y": 36.575157165527344, "z": -200.02687072753906, "x": 0.09857368469238281}}, "practice_target.021": {"model": "practice_target", "type": "MESH", "scale": {"y": 1.0, "z": 1.0, "x": 1.0}, "name": "practice_target.021", "rotation": {"y": 0.0, "z": -0.0, "x": 0.0}, "location": {"y": 36.57516098022461, "z": -135.25633239746094, "x": -52.603553771972656}}, "practice_target.029": {"model": "practice_target", "type": "MESH", "scale": {"y": 1.0, "z": 1.0, "x": 1.0}, "name": "practice_target.029", "rotation": {"y": 0.0, "z": -0.0, "x": 0.0}, "location": {"y": 38.15938949584961, "z": -95.12966918945312, "x": -25.822898864746094}}, "practice_target.016": {"model": "practice_target", "type": "MESH", "scale": {"y": 1.0, "z": 1.0, "x": 1.0}, "name": "practice_target.016", "rotation": {"y": 0.0, "z": -0.0, "x": 0.0}, "location": {"y": 36.57516098022461, "z": -127.59638977050781, "x": 38.22261047363281}}, "practice_target.024": {"model": "practice_target", "type": "MESH", "scale": {"y": 1.0, "z": 1.0, "x": 1.0}, "name": "practice_target.024", "rotation": {"y": 0.0, "z": -0.0, "x": 0.0}, "location": {"y": 36.57516098022461, "z": -133.2146759033203, "x": -75.72900390625}}, "practice_target.004": {"model": "practice_target", "type": "MESH", "scale": {"y": 1.0, "z": 1.0, "x": 1.0}, "name": "practice_target.004", "rotation": {"y": 0.0, "z": -0.0, "x": 0.0}, "location": {"y": 0.06954693794250488, "z": 77.16831970214844, "x": -20.596895217895508}}, "practice_target.026": {"model": "practice_target", "type": "MESH", "scale": {"y": 1.0, "z": 1.0, "x": 1.0}, "name": "practice_target.026", "rotation": {"y": 0.0, "z": -0.0, "x": 0.0}, "location": {"y": 36.575164794921875, "z": -267.2314758300781, "x": -66.63247680664062}}, "practice_target.025": {"model": "practice_target", "type": "MESH", "scale": {"y": 1.0, "z": 1.0, "x": 1.0}, "name": "practice_target.025", "rotation": {"y": 0.0, "z": -0.0, "x": 0.0}, "location": {"y": 36.57516098022461, "z": -165.7362823486328, "x": 52.438995361328125}}, "practice_target.018": {"model": "practice_target", "type": "MESH", "scale": {"y": 1.0, "z": 1.0, "x": 1.0}, "name": "practice_target.018", "rotation": {"y": 0.0, "z": -0.0, "x": 0.0}, "location": {"y": 36.57516098022461, "z": -229.84486389160156, "x": -24.067745208740234}}, "practice_target.019": {"model": "practice_target", "type": "MESH", "scale": {"y": 1.0, "z": 1.0, "x": 1.0}, "name": "practice_target.019", "rotation": {"y": 0.0, "z": -0.0, "x": 0.0}, "location": {"y": 36.57516098022461, "z": -154.23776245117188, "x": -12.83694839477539}}, "level_1_ramp": {"model": "level_1_ramp", "type": "MESH", "scale": {"y": 1.0, "z": 1.0, "x": 1.0}, "name": "level_1_ramp", "rotation": {"y": 0.0, "z": -0.0, "x": 0.0}, "location": {"y": 0.0, "z": -0.0, "x": 0.0}}, "practice_target.015": {"model": "practice_target", "type": "MESH", "scale": {"y": 1.0, "z": 1.0, "x": 1.0}, "name": "practice_target.015", "rotation": {"y": 0.0, "z": -0.0, "x": 0.0}, "location": {"y": 0.06954693794250488, "z": -64.8873291015625, "x": 70.7276611328125}}, "practice_target.022": {"model": "practice_target", "type": "MESH", "scale": {"y": 1.0, "z": 1.0, "x": 1.0}, "name": "practice_target.022", "rotation": {"y": 0.0, "z": -0.0, "x": 0.0}, "location": {"y": 36.575164794921875, "z": -243.25143432617188, "x": 40.11797332763672}}, "practice_target.027": {"model": "practice_target", "type": "MESH", "scale": {"y": 1.0, "z": 1.0, "x": 1.0}, "name": "practice_target.027", "rotation": {"y": 0.0, "z": -0.0, "x": 0.0}, "location": {"y": 34.46236801147461, "z": -26.21240234375, "x": -24.40474510192871}}, "practice_target.008": {"model": "practice_target", "type": "MESH", "scale": {"y": 1.0, "z": 1.0, "x": 1.0}, "name": "practice_target.008", "rotation": {"y": 0.0, "z": -0.0, "x": 0.0}, "location": {"y": 0.06954312324523926, "z": -67.38186645507812, "x": 12.302614212036133}}, "practice_target.012": {"model": "practice_target", "type": "MESH", "scale": {"y": 1.0, "z": 1.0, "x": 1.0}, "name": "practice_target.012", "rotation": {"y": 0.0, "z": -0.0, "x": 0.0}, "location": {"y": 0.06954693794250488, "z": 73.37741088867188, "x": 61.87044906616211}}, "level_1_terrain": {"model": "level_1_terrain", "type": "MESH", "scale": {"y": 1.0, "z": 1.0, "x": 1.0}, "name": "level_1_terrain", "rotation": {"y": 0.0, "z": -0.0, "x": 0.0}, "location": {"y": 0.0, "z": -0.0, "x": 0.0}},