{"name": "level_2", "environment_light": 0.5, "player_start": {"z": -0.0, "x": 0.0, "y": 4.715723037719727}, "view_rotate": 0.0, "level_end": {"z": 246.60421752929688, "x": 0.0, "radius": 12.066045761108398, "y": 1.9601802825927734, "use": true}, "objects": {"Sun": {"location": {"z": 24.91632843017578, "x": -32.706268310546875, "y": 33.77847671508789}, "model": "Sun", "name": "Sun", "type": "LAMP", "rotation": {"z": -0.0, "x": 0.0, "y": 0.0}, "data": {"cast_shadow": true, "type": "SUN", "energy": 0.5, "color": {"b": 255, "g": 255, "r": 255}, "spot_size": 0, "decay": 2, "spot_blend": 0, "distance": 2500.0}, "scale": {"z": 1.0, "x": 1.0, "y": 1.0}}, "trigger_target": {"location": {"z": 231.35240173339844, "x": 30.4366512298584, "y": 7.261961936950684}, "model": "trigger_target", "name": "trigger_target", "type": "MESH", "rotation": {"z": 0.0, "x": 0.0, "y": 3.1415929794311523}, "scale": {"z": 1.0, "x": 1.0, "y": 1.0}}, "level_2_terrain": {"location": {"z": -0.0, "x": 0.0, "y": 0.0}, "model": "level_2_terrain", "name": "level_2_terrain", "type": "MESH", "rotation": {"z": -0.0, "x": 0.0, "y": 0.0}, "scale": {"z": 1.0, "x": 1.0, "y": 1.0}}, "Sun.001": {"location": {"z": -69.11181640625, "x": 41.40298843383789, "y": 73.80033874511719}, "model": "Sun.001", "name": "Sun.001", "type": "LAMP", "rotation": {"z": -0.0, "x": 0.0, "y": 0.0}, "data": {"cast_shadow": false, "type": "SUN", "energy": 0.5, "color": {"b": 255, "g": 255, "r": 255}, "spot_size": 0, "decay": 2, "spot_blend": 0, "distance": 2500.0}, "scale": {"z": 1.0, "x": 1.0, "y": 1.0}}, "trigger_target.001": {"location": {"z": 231.35240173339844, "x": -29.97419548034668, "y": 7.261961936950684}, "model": "trigger_target", "name": "trigger_target.001", "type": "MESH", "rotation": {"z": 0.0, "x": 0.0, "y": 3.1415929794311523}, "scale": {"z": 1.0, "x": 1.0, "y": 1.0}}, "Camera": {"location": {"z": 114.28423309326172, "x": 125.80183410644531, "y": 94.42667388916016}, "model": "Camera", "name": "Camera", "type": "CAMERA", "rotation": {"z": -0.0, "x": 1.1093189716339111, "y": 0.8149281740188599}, "scale": {"z": 1.0, "x": 1.0, "y": 1.0}}, "turret_base": {"location": {"z": 83.10490417480469, "x": 0.0, "y": 0.0}, "model": "turret_base", "name": "turret_base", "type": "MESH", "rotation": {"z": -0.0, "x": 0.0, "y": 0.0}, "scale": {"z": 1.0, "x": 1.0, "y": 1.0}}, "Plane": {"location": {"z": 232.57366943359375, "x": 0.0, "y": 0.0}, "model": "door_frame", "name": "Plane", "type": "MESH", "rotation": {"z": -0.0, "x": 0.0, "y": 0.0}, "scale": {"z": 1.0, "x": 1.0, "y": 1.0}}, "turret_base.001": {"location": {"z": 211.95875549316406, "x": 24.55644416809082, "y": -3.814697265625e-06}, "model": "turret_base", "name": "turret_base.001", "type": "MESH", "rotation": {"z": -0.0, "x": 0.0, "y": 0.0}, "scale": {"z": 1.0, "x": 1.0, "y": 1.0}}}, "horizon_color": {"b": 255, "g": 119, "r": 0}}