{"view_rotate": -1.5707963705062866, "horizon_color": {"g": 119, "b": 255, "r": 0}, "environment_light": 0.5, "player_start": {"x": -9.5367431640625e-07, "z": -2.86102294921875e-06, "y": 7.89298677444458}, "name": "level_1", "objects": {"practice_target.007": {"scale": {"x": 1.0, "z": 1.0, "y": 1.0}, "location": {"x": -46.85344696044922, "z": 58.42887878417969, "y": -1.9282844066619873}, "rotation": {"x": 0.0, "z": -0.0, "y": 5.531452178955078}, "model": "practice_target", "name": "practice_target.007", "type": "MESH"}, "practice_target.005": {"scale": {"x": 1.0, "z": 1.0, "y": 1.0}, "location": {"x": -50.07710647583008, "z": -50.3697395324707, "y": -1.9282844066619873}, "rotation": {"x": 0.0, "z": -0.0, "y": 3.922382116317749}, "model": "practice_target", "name": "practice_target.005", "type": "MESH"}, "level_1_terrain": {"scale": {"x": 1.0, "z": 1.0, "y": 1.0}, "location": {"x": 0.0, "z": -0.0, "y": 0.0}, "rotation": {"x": 0.0, "z": -0.0, "y": 0.0}, "model": "level_1_terrain", "name": "level_1_terrain", "type": "MESH"}, "practice_target.006": {"scale": {"x": 1.0, "z": 1.0, "y": 1.0}, "location": {"x": -61.56140899658203, "z": 0.402948260307312, "y": -1.9282844066619873}, "rotation": {"x": 0.0, "z": -0.0, "y": 4.639327049255371}, "model": "practice_target", "name": "practice_target.006", "type": "MESH"}, "Sun.001": {"data": {"color": {"g": 255, "b": 255, "r": 255}, "distance": 2500.0, "cast_shadow": false, "energy": 0.5, "spot_blend": 0, "spot_size": 0, "type": "SUN", "decay": 2}, "scale": {"x": 1.0, "z": 1.0, "y": 1.0}, "location": {"x": 41.40298843383789, "z": -69.11181640625, "y": 73.80033874511719}, "rotation": {"x": 0.0, "z": -0.0, "y": 0.0}, "model": "Sun.001", "name": "Sun.001", "type": "LAMP"}, "practice_target.004": {"scale": {"x": 1.0, "z": 1.0, "y": 1.0}, "location": {"x": -97.77962493896484, "z": 506.5523681640625, "y": 46.30170440673828}, "rotation": {"x": 0.0, "z": 0.0, "y": 6.883330345153809}, "model": "practice_target", "name": "practice_target.004", "type": "MESH"}, "turret_base": {"scale": {"x": 1.0, "z": 1.0, "y": 1.0}, "location": {"x": -119.36146545410156, "z": 212.24945068359375, "y": -2.08467960357666}, "rotation": {"x": 0.0, "z": -0.0, "y": 0.0}, "model": "turret_base", "name": "turret_base", "type": "MESH"}, "Camera": {"scale": {"x": 0.9999999403953552, "z": 0.9999999403953552, "y": 0.9999999403953552}, "location": {"x": 118.1231918334961, "z": 166.88754272460938, "y": 157.5501251220703}, "rotation": {"x": 1.0212992429733276, "z": 2.837018371337763e-07, "y": 0.6717243194580078}, "model": "Camera", "name": "Camera", "type": "CAMERA"}, "practice_target": {"scale": {"x": 1.0, "z": 1.0, "y": 1.0}, "location": {"x": 2.307422637939453, "z": 53.79487609863281, "y": -1.9282820224761963}, "rotation": {"x": 0.0, "z": -0.0, "y": 0.0}, "model": "practice_target", "name": "practice_target", "type": "MESH"}, "practice_target.008": {"scale": {"x": 1.0, "z": 1.0, "y": 1.0}, "location": {"x": -139.76246643066406, "z": 519.3102416992188, "y": 46.479793548583984}, "rotation": {"x": 0.0, "z": 0.0, "y": 6.301783561706543}, "model": "practice_target", "name": "practice_target.008", "type": "MESH"}, "practice_target.009": {"scale": {"x": 1.0, "z": 1.0, "y": 1.0}, "location": {"x": -189.31947326660156, "z": 499.8547668457031, "y": 45.71341323852539}, "rotation": {"x": 0.0, "z": 0.0, "y": 5.4394354820251465}, "model": "practice_target", "name": "practice_target.009", "type": "MESH"}, "turret_base.002": {"scale": {"x": 1.0, "z": 1.0, "y": 1.0}, "location": {"x": -123.22184753417969, "z": 317.9665222167969, "y": -2.0846786499023438}, "rotation": {"x": 0.0, "z": -0.0, "y": 0.0}, "model": "turret_base", "name": "turret_base.002", "type": "MESH"}, "Sun": {"data": {"color": {"g": 255, "b": 255, "r": 255}, "distance": 2500.0, "cast_shadow": true, "energy": 0.5, "spot_blend": 0, "spot_size": 0, "type": "SUN", "decay": 2}, "scale": {"x": 1.0, "z": 1.0, "y": 1.0}, "location": {"x": -32.706268310546875, "z": 24.91632843017578, "y": 33.77847671508789}, "rotation": {"x": 0.0, "z": -0.0, "y": 0.0}, "model": "Sun", "name": "Sun", "type": "LAMP"}, "practice_target.003": {"scale": {"x": 1.0, "z": 1.0, "y": 1.0}, "location": {"x": -144.82862854003906, "z": 134.2852020263672, "y": -1.928283452987671}, "rotation": {"x": 0.0, "z": 0.0, "y": 6.337400913238525}, "model": "practice_target", "name": "practice_target.003", "type": "MESH"}, "level_1_lower_ground": {"scale": {"x": 1.0, "z": 1.0, "y": 1.0}, "location": {"x": 3.814697265625e-06, "z": 246.62998962402344, "y": -7.0}, "rotation": {"x": 0.0, "z": -0.0, "y": 0.0}, "model": "level_1_lower_ground", "name": "level_1_lower_ground", "type": "MESH"}, "practice_target.002": {"scale": {"x": 1.0, "z": 1.0, "y": 1.0}, "location": {"x": -161.3660125732422, "z": 32.89746856689453, "y": -1.928283452987671}, "rotation": {"x": 0.0, "z": -0.0, "y": 5.527246475219727}, "model": "practice_target", "name": "practice_target.002", "type": "MESH"}, "practice_target.001": {"scale": {"x": 1.0, "z": 1.0, "y": 1.0}, "location": {"x": -109.1426773071289, "z": 12.008133888244629, "y": -1.9282829761505127}, "rotation": {"x": 0.0, "z": -0.0, "y": 4.907138824462891}, "model": "practice_target", "name": "practice_target.001", "type": "MESH"}, "turret_base.001": {"scale": {"x": 1.0, "z": 1.0, "y": 1.0}, "location": {"x": -190.18629455566406, "z": 263.9356689453125, "y": -2.0846786499023438}, "rotation": {"x": 0.0, "z": -0.0, "y": 0.0}, "model": "turret_base", "name": "turret_base.001", "type": "MESH"}}}