{"name": "level_0", "environment_light": 0.5, "player_start": {"z": -0.0, "x": 0.0, "y": 7.319762706756592}, "view_rotate": 0.0, "level_end": {"z": 74.72135162353516, "x": 0.0, "radius": 11.559990882873535, "y": 2.8589587211608887, "use": true}, "objects": {"door_frame": {"location": {"z": 62.992435455322266, "x": 0.0, "y": 0.0}, "model": "door_frame", "name": "door_frame", "type": "MESH", "rotation": {"z": -0.0, "x": 0.0, "y": 0.0}, "scale": {"z": 1.0, "x": 1.0, "y": 1.0}}, "Sun": {"location": {"z": 24.91632843017578, "x": -32.706268310546875, "y": 33.77847671508789}, "model": "Sun", "name": "Sun", "type": "LAMP", "rotation": {"z": -0.0, "x": 0.0, "y": 0.0}, "data": {"cast_shadow": true, "type": "SUN", "energy": 0.0, "color": {"b": 255, "g": 255, "r": 255}, "spot_size": 0, "decay": 2, "spot_blend": 0, "distance": 2500.0}, "scale": {"z": 1.0, "x": 1.0, "y": 1.0}}, "level_0_terrain": {"location": {"z": -0.0, "x": 0.0, "y": 0.0}, "model": "level_0_terrain", "name": "level_0_terrain", "type": "MESH", "rotation": {"z": -0.0, "x": 0.0, "y": 0.0}, "scale": {"z": 1.0, "x": 1.0, "y": 1.0}}, "Sun.001": {"location": {"z": -69.11181640625, "x": 41.40298843383789, "y": 73.80033874511719}, "model": "Sun.001", "name": "Sun.001", "type": "LAMP", "rotation": {"z": -0.0, "x": 0.0, "y": 0.0}, "data": {"cast_shadow": false, "type": "SUN", "energy": 0.0, "color": {"b": 255, "g": 255, "r": 255}, "spot_size": 0, "decay": 2, "spot_blend": 0, "distance": 2500.0}, "scale": {"z": 1.0, "x": 1.0, "y": 1.0}}, "trigger_target.000": {"location": {"z": 59.44074249267578, "x": 14.190183639526367, "y": 6.8967742919921875}, "model": "trigger_target", "name": "trigger_target.000", "type": "MESH", "rotation": {"z": 0.0, "x": 0.0, "y": 3.1415929794311523}, "scale": {"z": 1.0, "x": 1.0, "y": 1.0}}, "trigger_target.001": {"location": {"z": 59.44074249267578, "x": -14.442455291748047, "y": 6.8967742919921875}, "model": "trigger_target", "name": "trigger_target.001", "type": "MESH", "rotation": {"z": 0.0, "x": 0.0, "y": 3.1415929794311523}, "scale": {"z": 1.0, "x": 1.0, "y": 1.0}}, "Camera": {"location": {"z": 114.28423309326172, "x": 125.80183410644531, "y": 94.42667388916016}, "model": "Camera", "name": "Camera", "type": "CAMERA", "rotation": {"z": -0.0, "x": 1.1093189716339111, "y": 0.8149281740188599}, "scale": {"z": 1.0, "x": 1.0, "y": 1.0}}, "Point": {"location": {"z": -0.0, "x": 0.0, "y": 20.06062126159668}, "model": "Point", "name": "Point", "type": "LAMP", "rotation": {"z": -0.0, "x": 0.0, "y": 0.0}, "data": {"cast_shadow": false, "type": "POINT", "energy": 0.5, "color": {"b": 255, "g": 255, "r": 255}, "spot_size": 0, "decay": 2, "spot_blend": 0, "distance": 2500.0}, "scale": {"z": 1.0, "x": 1.0, "y": 1.0}}, "Point.001": {"location": {"z": 38.94287872314453, "x": 0.0, "y": 20.06062126159668}, "model": "Point.001", "name": "Point.001", "type": "LAMP", "rotation": {"z": -0.0, "x": 0.0, "y": 0.0}, "data": {"cast_shadow": false, "type": "POINT", "energy": 0.5, "color": {"b": 255, "g": 255, "r": 255}, "spot_size": 0, "decay": 2, "spot_blend": 0, "distance": 2500.0}, "scale": {"z": 1.0, "x": 1.0, "y": 1.0}}}, "horizon_color": {"b": 255, "g": 119, "r": 0}}