{"objects": {"turret_base.001": {"scale": {"y": 1.0, "x": 1.0, "z": 1.0}, "location": {"y": -3.814697265625e-06, "x": 24.55644416809082, "z": 211.95875549316406}, "type": "MESH", "name": "turret_base.001", "model": "turret_base", "rotation": {"y": 0.0, "x": 0.0, "z": -0.0}}, "Plane": {"scale": {"y": 1.0, "x": 1.0, "z": 1.0}, "location": {"y": 0.0, "x": 0.0, "z": 232.57366943359375}, "type": "MESH", "name": "Plane", "model": "door_frame", "rotation": {"y": 0.0, "x": 0.0, "z": -0.0}}, "Sun.001": {"scale": {"y": 1.0, "x": 1.0, "z": 1.0}, "location": {"y": 73.80033874511719, "x": 41.40298843383789, "z": -69.11181640625}, "data": {"distance": 2500.0, "spot_blend": 0, "type": "SUN", "color": {"r": 255, "g": 255, "b": 255}, "decay": 2, "cast_shadow": false, "spot_size": 0, "energy": 0.5}, "type": "LAMP", "name": "Sun.001", "model": "Sun.001", "rotation": {"y": 0.0, "x": 0.0, "z": -0.0}}, "trigger_target": {"scale": {"y": 1.0, "x": 1.0, "z": 1.0}, "location": {"y": 7.261961936950684, "x": 30.4366512298584, "z": 231.35240173339844}, "type": "MESH", "name": "trigger_target", "model": "trigger_target", "rotation": {"y": 3.1415929794311523, "x": 0.0, "z": 0.0}}, "turret_base": {"scale": {"y": 1.0, "x": 1.0, "z": 1.0}, "location": {"y": 0.0, "x": 0.0, "z": 83.10490417480469}, "type": "MESH", "name": "turret_base", "model": "turret_base", "rotation": {"y": 0.0, "x": 0.0, "z": -0.0}}, "Sun": {"scale": {"y": 1.0, "x": 1.0, "z": 1.0}, "location": {"y": 33.77847671508789, "x": -32.706268310546875, "z": 24.91632843017578}, "data": {"distance": 2500.0, "spot_blend": 0, "type": "SUN", "color": {"r": 255, "g": 255, "b": 255}, "decay": 2, "cast_shadow": true, "spot_size": 0, "energy": 0.5}, "type": "LAMP", "name": "Sun", "model": "Sun", "rotation": {"y": 0.0, "x": 0.0, "z": -0.0}}, "trigger_target.001": {"scale": {"y": 1.0, "x": 1.0, "z": 1.0}, "location": {"y": 7.261961936950684, "x": -29.97419548034668, "z": 231.35240173339844}, "type": "MESH", "name": "trigger_target.001", "model": "trigger_target", "rotation": {"y": 3.1415929794311523, "x": 0.0, "z": 0.0}}, "Camera": {"scale": {"y": 1.0, "x": 1.0, "z": 1.0}, "location": {"y": 94.42667388916016, "x": 125.80183410644531, "z": 114.28423309326172}, "type": "CAMERA", "name": "Camera", "model": "Camera", "rotation": {"y": 0.8149281740188599, "x": 1.1093189716339111, "z": -0.0}}, "level_2_terrain": {"scale": {"y": 1.0, "x": 1.0, "z": 1.0}, "location": {"y": 0.0, "x": 0.0, "z": -0.0}, "type": "MESH", "name": "level_2_terrain", "model": "level_2_terrain", "rotation": {"y": 0.0, "x": 0.0, "z": -0.0}}}, "horizon_color": {"r": 0, "g": 119, "b": 255}, "view_rotate": 0.0, "player_start": {"y": 4.715723037719727, "x": 0.0, "z": -0.0}, "name": "level_2", "level_end": {"use": true, "radius": 12.066045761108398, "y": 1.9601802825927734, "x": 0.0, "z": 246.60421752929688}, "environment_light": 0.5}