{"horizon_color": {"r": 13, "b": 13, "g": 13}, "objects": {"practice_target.012": {"name": "practice_target.012", "model": "practice_target", "type": "MESH", "scale": {"z": 1.0, "y": 1.0, "x": 1.0}, "rotation": {"z": -0.0, "y": 0.0, "x": 0.0}, "location": {"z": 73.37741088867188, "y": 0.06954693794250488, "x": 61.87044906616211}}, "practice_target.023": {"name": "practice_target.023", "model": "practice_target", "type": "MESH", "scale": {"z": 1.0, "y": 1.0, "x": 1.0}, "rotation": {"z": -0.0, "y": 0.0, "x": 0.0}, "location": {"z": -171.9904022216797, "y": 36.57516098022461, "x": -42.930572509765625}}, "practice_target.020": {"name": "practice_target.020", "model": "practice_target", "type": "MESH", "scale": {"z": 1.0, "y": 1.0, "x": 1.0}, "rotation": {"z": -0.0, "y": 0.0, "x": 0.0}, "location": {"z": -210.06077575683594, "y": 36.57516098022461, "x": -57.29474639892578}}, "practice_target.022": {"name": "practice_target.022", "model": "practice_target", "type": "MESH", "scale": {"z": 1.0, "y": 1.0, "x": 1.0}, "rotation": {"z": -0.0, "y": 0.0, "x": 0.0}, "location": {"z": -243.25143432617188, "y": 36.575164794921875, "x": 40.11797332763672}}, "Plane": {"name": "Plane", "model": "Plane", "type": "MESH", "scale": {"z": 1.0, "y": 1.0, "x": 1.0}, "rotation": {"z": -0.0, "y": 0.0, "x": 0.0}, "location": {"z": -200.02687072753906, "y": 36.575157165527344, "x": 0.09857368469238281}}, "practice_target.010": {"name": "practice_target.010", "model": "practice_target", "type": "MESH", "scale": {"z": 1.0, "y": 1.0, "x": 1.0}, "rotation": {"z": -0.0, "y": 0.0, "x": 0.0}, "location": {"z": 27.978538513183594, "y": 0.06954693794250488, "x": -37.19694137573242}}, "practice_target.024": {"name": "practice_target.024", "model": "practice_target", "type": "MESH", "scale": {"z": 1.0, "y": 1.0, "x": 1.0}, "rotation": {"z": -0.0, "y": 0.0, "x": 0.0}, "location": {"z": -133.2146759033203, "y": 36.57516098022461, "x": -75.72900390625}}, "practice_target.008": {"name": "practice_target.008", "model": "practice_target", "type": "MESH", "scale": {"z": 1.0, "y": 1.0, "x": 1.0}, "rotation": {"z": -0.0, "y": 0.0, "x": 0.0}, "location": {"z": -67.38186645507812, "y": 0.06954312324523926, "x": 12.302614212036133}}, "practice_target.017": {"name": "practice_target.017", "model": "practice_target", "type": "MESH", "scale": {"z": 1.0, "y": 1.0, "x": 1.0}, "rotation": {"z": -0.0, "y": 0.0, "x": 0.0}, "location": {"z": -198.0603485107422, "y": 36.575164794921875, "x": 31.785472869873047}}, "Sun.001": {"name": "Sun.001", "data": {"energy": 0.5, "spot_blend": 0, "spot_size": 0, "type": "SUN", "distance": 2500.0, "cast_shadow": false, "color": {"r": 255, "b": 255, "g": 255}, "decay": 2}, "model": "Sun.001", "type": "LAMP", "scale": {"z": 1.0, "y": 1.0, "x": 1.0}, "rotation": {"z": -0.0, "y": 0.0, "x": 0.0}, "location": {"z": -69.11181640625, "y": 73.80033874511719, "x": 41.40298843383789}}, "practice_target.015": {"name": "practice_target.015", "model": "practice_target", "type": "MESH", "scale": {"z": 1.0, "y": 1.0, "x": 1.0}, "rotation": {"z": -0.0, "y": 0.0, "x": 0.0}, "location": {"z": -64.8873291015625, "y": 0.06954693794250488, "x": 70.7276611328125}}, "level_1_ramp": {"name": "level_1_ramp", "model": "level_1_ramp", "type": "MESH", "scale": {"z": 1.0, "y": 1.0, "x": 1.0}, "rotation": {"z": -0.0, "y": 0.0, "x": 0.0}, "location": {"z": -0.0, "y": 0.0, "x": 0.0}}, "level_1_terrain": {"name": "level_1_terrain", "model": "level_1_terrain", "type": "MESH", "scale": {"z": 1.0, "y": 1.0, "x": 1.0}, "rotation": {"z": -0.0, "y": 0.0, "x": 0.0}, "location": {"z": -0.0, "y": 0.0, "x": 0.0}}, "practice_target.028": {"name": "practice_target.028", "model": "practice_target", "type": "MESH", "scale": {"z": 1.0, "y": 1.0, "x": 1.0}, "rotation": {"z": -0.0, "y": 0.0, "x": 0.0}, "location": {"z": -37.088966369628906, "y": 18.986841201782227, "x": 37.878257751464844}}, "Sun": {"name": "Sun", "data": {"energy": 0.5, "spot_blend": 0, "spot_size": 0, "type": "SUN", "distance": 2500.0, "cast_shadow": true, "color": {"r": 255, "b": 255, "g": 255}, "decay": 2}, "model": "Sun", "type": "LAMP", "scale": {"z": 1.0, "y": 1.0, "x": 1.0}, "rotation": {"z": -0.0, "y": 0.0, "x": 0.0}, "location": {"z": 24.91632843017578, "y": 33.77847671508789, "x": -32.706268310546875}}, "practice_target.025": {"name": "practice_target.025", "model": "practice_target", "type": "MESH", "scale": {"z": 1.0, "y": 1.0, "x": 1.0}, "rotation": {"z": -0.0, "y": 0.0, "x": 0.0}, "location": {"z": -165.7362823486328, "y": 36.57516098022461, "x": 52.438995361328125}}, "practice_target.021": {"name": "practice_target.021", "model": "practice_target", "type": "MESH", "scale": {"z": 1.0, "y": 1.0, "x": 1.0}, "rotation": {"z": -0.0, "y": 0.0, "x": 0.0}, "location": {"z": -135.25633239746094, "y": 36.57516098022461, "x": -52.603553771972656}}, "practice_target.001": {"name": "practice_target.001", "model": "practice_target", "type": "MESH", "scale": {"z": 1.0, "y": 1.0, "x": 1.0}, "rotation": {"z": -0.0, "y": 0.0, "x": 0.0}, "location": {"z": -11.590901374816895, "y": 0.0695488452911377, "x": -67.29301452636719}}, "practice_target.019": {"name": "practice_target.019", "model": "practice_target", "type": "MESH", "scale": {"z": 1.0, "y": 1.0, "x": 1.0}, "rotation": {"z": -0.0, "y": 0.0, "x": 0.0}, "location": {"z": -154.23776245117188, "y": 36.57516098022461, "x": -12.83694839477539}}, "practice_target.014": {"name": "practice_target.014", "model": "practice_target", "type": "MESH", "scale": {"z": 1.0, "y": 1.0, "x": 1.0}, "rotation": {"z": -0.0, "y": 0.0, "x": 0.0}, "location": {"z": 20.242900848388672, "y": 0.06954503059387207, "x": 77.40280151367188}}, "practice_target.016": {"name": "practice_target.016", "model": "practice_target", "type": "MESH", "scale": {"z": 1.0, "y": 1.0, "x": 1.0}, "rotation": {"z": -0.0, "y": 0.0, "x": 0.0}, "location": {"z": -127.59638977050781, "y": 36.57516098022461, "x": 38.22261047363281}}, "turret_base": {"name": "turret_base", "model": "turret_base", "type": "MESH", "scale": {"z": 1.0, "y": 1.0, "x": 1.0}, "rotation": {"z": -0.0, "y": 0.0, "x": 0.0}, "location": {"z": 52.884925842285156, "y": 0.0, "x": -17.958343505859375}}, "practice_target.006": {"name": "practice_target.006", "model": "practice_target", "type": "MESH", "scale": {"z": 1.0, "y": 1.0, "x": 1.0}, "rotation": {"z": -0.0, "y": 0.0, "x": 0.0}, "location": {"z": 47.88437271118164, "y": 0.06954693794250488, "x": 24.23088836669922}}, "practice_target.009": {"name": "practice_target.009", "model": "practice_target", "type": "MESH", "scale": {"z": 1.0, "y": 1.0, "x": 1.0}, "rotation": {"z": -0.0, "y": 0.0, "x": 0.0}, "location": {"z": -70.34652709960938, "y": 0.06954693794250488, "x": -31.87360382080078}}, "practice_target.011": {"name": "practice_target.011", "model": "practice_target", "type": "MESH", "scale": {"z": 1.0, "y": 1.0, "x": 1.0}, "rotation": {"z": -0.0, "y": 0.0, "x": 0.0}, "location": {"z": 33.95363998413086, "y": 0.06954312324523926, "x": -73.48409271240234}}, "practice_target.018": {"name": "practice_target.018", "model": "practice_target", "type": "MESH", "scale": {"z": 1.0, "y": 1.0, "x": 1.0}, "rotation": {"z": -0.0, "y": 0.0, "x": 0.0}, "location": {"z": -229.84486389160156, "y": 36.57516098022461, "x": -24.067745208740234}}, "practice_target": {"name": "practice_target", "model": "practice_target", "type": "MESH", "scale": {"z": 1.0, "y": 1.0, "x": 1.0}, "rotation": {"z": -0.0, "y": 0.0, "x": 0.0}, "location": {"z": -60.75701141357422, "y": 0.06954693794250488, "x": -73.93941497802734}}, "practice_target.004": {"name": "practice_target.004", "model": "practice_target", "type": "MESH", "scale": {"z": 1.0, "y": 1.0, "x": 1.0}, "rotation": {"z": -0.0, "y": 0.0, "x": 0.0}, "location": {"z": 77.16831970214844, "y": 0.06954693794250488, "x": -20.596895217895508}}, "practice_target.026": {"name": "practice_target.026", "model": "practice_target", "type": "MESH", "scale": {"z": 1.0, "y": 1.0, "x": 1.0}, "rotation": {"z": -0.0, "y": 0.0,