{"environment_light": 0.5, "player_start": {"y": 7.89298677444458, "z": -2.86102294921875e-06, "x": -9.5367431640625e-07}, "objects": {"level_1_terrain": {"type": "MESH", "location": {"y": 0.0, "z": -0.0, "x": 0.0}, "scale": {"y": 1.0, "z": 1.0, "x": 1.0}, "model": "level_1_terrain", "rotation": {"y": 0.0, "z": -0.0, "x": 0.0}, "name": "level_1_terrain"}, "practice_target.003": {"type": "MESH", "location": {"y": -1.928283452987671, "z": 134.2852020263672, "x": -144.82862854003906}, "scale": {"y": 1.0, "z": 1.0, "x": 1.0}, "model": "practice_target", "rotation": {"y": 6.337400913238525, "z": 0.0, "x": 0.0}, "name": "practice_target.003"}, "Sun": {"type": "LAMP", "location": {"y": 33.77847671508789, "z": 24.91632843017578, "x": -32.706268310546875}, "scale": {"y": 1.0, "z": 1.0, "x": 1.0}, "model": "Sun", "data": {"type": "SUN", "energy": 0.5, "color": {"g": 255, "b": 255, "r": 255}, "distance": 2500.0, "spot_blend": 0, "cast_shadow": true, "spot_size": 0, "decay": 2}, "rotation": {"y": 0.0, "z": -0.0, "x": 0.0}, "name": "Sun"}, "practice_target.001": {"type": "MESH", "location": {"y": -1.9282829761505127, "z": 12.008133888244629, "x": -109.1426773071289}, "scale": {"y": 1.0, "z": 1.0, "x": 1.0}, "model": "practice_target", "rotation": {"y": 4.907138824462891, "z": -0.0, "x": 0.0}, "name": "practice_target.001"}, "practice_target.004": {"type": "MESH", "location": {"y": 46.30170440673828, "z": 506.5523681640625, "x": -97.77962493896484}, "scale": {"y": 1.0, "z": 1.0, "x": 1.0}, "model": "practice_target", "rotation": {"y": 6.883330345153809, "z": 0.0, "x": 0.0}, "name": "practice_target.004"}, "turret_base.002": {"type": "MESH", "location": {"y": -2.0846786499023438, "z": 317.9665222167969, "x": -123.22184753417969}, "scale": {"y": 1.0, "z": 1.0, "x": 1.0}, "model": "turret_base", "rotation": {"y": 0.0, "z": -0.0, "x": 0.0}, "name": "turret_base.002"}, "Camera": {"type": "CAMERA", "location": {"y": 157.5501251220703, "z": 166.88754272460938, "x": 118.1231918334961}, "scale": {"y": 0.9999999403953552, "z": 0.9999999403953552, "x": 0.9999999403953552}, "model": "Camera", "rotation": {"y": 0.6717243194580078, "z": 2.837018371337763e-07, "x": 1.0212992429733276}, "name": "Camera"}, "Sun.001": {"type": "LAMP", "location": {"y": 73.80033874511719, "z": -69.11181640625, "x": 41.40298843383789}, "scale": {"y": 1.0, "z": 1.0, "x": 1.0}, "model": "Sun.001", "data": {"type": "SUN", "energy": 0.5, "color": {"g": 255, "b": 255, "r": 255}, "distance": 2500.0, "spot_blend": 0, "cast_shadow": false, "spot_size": 0, "decay": 2}, "rotation": {"y": 0.0, "z": -0.0, "x": 0.0}, "name": "Sun.001"}, "practice_target.009": {"type": "MESH", "location": {"y": 45.71341323852539, "z": 499.8547668457031, "x": -189.31947326660156}, "scale": {"y": 1.0, "z": 1.0, "x": 1.0}, "model": "practice_target", "rotation": {"y": 5.4394354820251465, "z": 0.0, "x": 0.0}, "name": "practice_target.009"}, "practice_target": {"type": "MESH", "location": {"y": -1.9282820224761963, "z": 53.79487609863281, "x": 2.307422637939453}, "scale": {"y": 1.0, "z": 1.0, "x": 1.0}, "model": "practice_target", "rotation": {"y": 0.0, "z": -0.0, "x": 0.0}, "name": "practice_target"}, "level_1_lower_ground": {"type": "MESH", "location": {"y": -7.0, "z": 246.62998962402344, "x": 3.814697265625e-06}, "scale": {"y": 1.0, "z": 1.0, "x": 1.0}, "model": "level_1_lower_ground", "rotation": {"y": 0.0, "z": -0.0, "x": 0.0}, "name": "level_1_lower_ground"}, "turret_base.001": {"type": "MESH", "location": {"y": -2.0846786499023438, "z": 263.9356689453125, "x": -190.18629455566406}, "scale": {"y": 1.0, "z": 1.0, "x": 1.0}, "model": "turret_base", "rotation": {"y": 0.0, "z": -0.0, "x": 0.0}, "name": "turret_base.001"}, "practice_target.007": {"type": "MESH", "location": {"y": -1.9282844066619873, "z": 58.42887878417969, "x": -46.85344696044922}, "scale": {"y": 1.0, "z": 1.0, "x": 1.0}, "model": "practice_target", "rotation": {"y": 5.531452178955078, "z": -0.0, "x": 0.0}, "name": "practice_target.007"}, "practice_target.005": {"type": "MESH", "location": {"y": -1.9282844066619873, "z": -50.3697395324707, "x": -50.07710647583008}, "scale": {"y": 1.0, "z": 1.0, "x": 1.0}, "model": "practice_target", "rotation": {"y": 3.922382116317749, "z": -0.0, "x": 0.0}, "name": "practice_target.005"}, "practice_target.008": {"type": "MESH", "location": {"y": 46.479793548583984, "z": 519.3102416992188, "x": -139.76246643066406}, "scale": {"y": 1.0, "z": 1.0, "x": 1.0}, "model": "practice_target", "rotation": {"y": 6.301783561706543, "z": 0.0, "x": 0.0}, "name": "practice_target.008"}, "practice_target.006": {"type": "MESH", "location": {"y": -1.9282844066619873, "z": 0.402948260307312, "x": -61.56140899658203}, "scale": {"y": 1.0, "z": 1.0, "x": 1.0}, "model": "practice_target", "rotation": {"y": 4.639327049255371, "z": -0.0, "x": 0.0}, "name": "practice_target.006"}, "practice_target.002": {"type": "MESH", "location": {"y": -1.928283452987671, "z": 32.89746856689453, "x": -161.3660125732422}, "scale": {"y": 1.0, "z": 1.0, "x": 1.0}, "model": "practice_target", "rotation": {"y": 5.527246475219727, "z": -0.0, "x": 0.0}, "name": "practice_target.002"}, "turret_base": {"type": "MESH", "location": {"y": -2.08467960357666, "z": 212.24945068359375, "x": -119.36146545410156}, "scale": {"y": 1.0, "z": 1.0, "x": 1.0}, "model": "turret_base", "rotation": {"y": 0.0, "z": -0.0, "x": 0.0}, "name": "turret_base"}}, "name": "level_1", "horizon_color": {"g": 119, "b": 255, "r": 0}}