{"name": "level_1", "horizon_color": {"g": 13, "r": 13, "b": 13}, "objects": {"practice_target.011": {"model": "practice_target", "type": "MESH", "rotation": {"y": 0.0, "x": 0.0, "z": -0.0}, "location": {"y": 0.06954312324523926, "x": -73.48409271240234, "z": 33.95363998413086}, "name": "practice_target.011", "scale": {"y": 1.0, "x": 1.0, "z": 1.0}}, "practice_target.028": {"model": "practice_target", "type": "MESH", "rotation": {"y": 0.0, "x": 0.0, "z": -0.0}, "location": {"y": 18.986841201782227, "x": 37.878257751464844, "z": -37.088966369628906}, "name": "practice_target.028", "scale": {"y": 1.0, "x": 1.0, "z": 1.0}}, "practice_target.020": {"model": "practice_target", "type": "MESH", "rotation": {"y": 0.0, "x": 0.0, "z": -0.0}, "location": {"y": 36.57516098022461, "x": -57.29474639892578, "z": -210.06077575683594}, "name": "practice_target.020", "scale": {"y": 1.0, "x": 1.0, "z": 1.0}}, "practice_target.005": {"model": "practice_target", "type": "MESH", "rotation": {"y": 0.0, "x": 0.0, "z": -0.0}, "location": {"y": 0.06954550743103027, "x": 16.422548294067383, "z": 85.9366226196289}, "name": "practice_target.005", "scale": {"y": 1.0, "x": 1.0, "z": 1.0}}, "practice_target.027": {"model": "practice_target", "type": "MESH", "rotation": {"y": 0.0, "x": 0.0, "z": -0.0}, "location": {"y": 34.46236801147461, "x": -24.40474510192871, "z": -26.21240234375}, "name": "practice_target.027", "scale": {"y": 1.0, "x": 1.0, "z": 1.0}}, "practice_target.002": {"model": "practice_target", "type": "MESH", "rotation": {"y": 0.0, "x": 0.0, "z": -0.0}, "location": {"y": 0.06954741477966309, "x": -66.71817016601562, "z": 71.17498779296875}, "name": "practice_target.002", "scale": {"y": 1.0, "x": 1.0, "z": 1.0}}, "Plane": {"model": "Plane", "type": "MESH", "rotation": {"y": 0.0, "x": 0.0, "z": -0.0}, "location": {"y": 36.575157165527344, "x": 0.09857368469238281, "z": -200.02687072753906}, "name": "Plane", "scale": {"y": 1.0, "x": 1.0, "z": 1.0}}, "practice_target.004": {"model": "practice_target", "type": "MESH", "rotation": {"y": 0.0, "x": 0.0, "z": -0.0}, "location": {"y": 0.06954693794250488, "x": -20.596895217895508, "z": 77.16831970214844}, "name": "practice_target.004", "scale": {"y": 1.0, "x": 1.0, "z": 1.0}}, "practice_target.012": {"model": "practice_target", "type": "MESH", "rotation": {"y": 0.0, "x": 0.0, "z": -0.0}, "location": {"y": 0.06954693794250488, "x": 61.87044906616211, "z": 73.37741088867188}, "name": "practice_target.012", "scale": {"y": 1.0, "x": 1.0, "z": 1.0}}, "level_1_terrain": {"model": "level_1_terrain", "type": "MESH", "rotation": {"y": 0.0, "x": 0.0, "z": -0.0}, "location": {"y": 0.0, "x": 0.0, "z": -0.0}, "name": "level_1_terrain", "scale": {"y": 1.0, "x": 1.0, "z": 1.0}}, "practice_target.016": {"model": "practice_target", "type": "MESH", "rotation": {"y": 0.0, "x": 0.0, "z": -0.0}, "location": {"y": 36.57516098022461, "x": 38.22261047363281, "z": -127.59638977050781}, "name": "practice_target.016", "scale": {"y": 1.0, "x": 1.0, "z": 1.0}}, "practice_target.025": {"model": "practice_target", "type": "MESH", "rotation": {"y": 0.0, "x": 0.0, "z": -0.0}, "location": {"y": 36.57516098022461, "x": 52.438995361328125, "z": -165.7362823486328}, "name": "practice_target.025", "scale": {"y": 1.0, "x": 1.0, "z": 1.0}}, "practice_target": {"model": "practice_target", "type": "MESH", "rotation": {"y": 0.0, "x": 0.0, "z": -0.0}, "location": {"y": 0.06954693794250488, "x": -73.93941497802734, "z": -60.75701141357422}, "name": "practice_target", "scale": {"y": 1.0, "x": 1.0, "z": 1.0}}, "practice_target.023": {"model": "practice_target", "type": "MESH", "rotation": {"y": 0.0, "x": 0.0, "z": -0.0}, "location": {"y": 36.57516098022461, "x": -42.930572509765625, "z": -171.9904022216797}, "name": "practice_target.023", "scale": {"y": 1.0, "x": 1.0, "z": 1.0}}, "practice_target.022": {"model": "practice_target", "type": "MESH", "rotation": {"y": 0.0, "x": 0.0, "z": -0.0}, "location": {"y": 36.575164794921875, "x": 40.11797332763672, "z": -243.25143432617188}, "name": "practice_target.022", "scale": {"y": 1.0, "x": 1.0, "z": 1.0}}, "practice_target.006": {"model": "practice_target", "type": "MESH", "rotation": {"y": 0.0, "x": 0.0, "z": -0.0}, "location": {"y": 0.06954693794250488, "x": 24.23088836669922, "z": 47.88437271118164}, "name": "practice_target.006", "scale": {"y": 1.0, "x": 1.0, "z": 1.0}}, "practice_target.014": {"model": "practice_target", "type": "MESH", "rotation": {"y": 0.0, "x": 0.0, "z": -0.0}, "location": {"y": 0.06954503059387207, "x": 77.40280151367188, "z": 20.242900848388672}, "name": "practice_target.014", "scale": {"y": 1.0, "x": 1.0, "z": 1.0}}, "practice_target.010": {"model": "practice_target", "type": "MESH", "rotation": {"y": 0.0, "x": 0.0, "z": -0.0}, "location": {"y": 0.06954693794250488, "x": -37.19694137573242, "z": 27.978538513183594}, "name": "practice_target.010", "scale": {"y": 1.0, "x": 1.0, "z": 1.0}}, "practice_target.007": {"model": "practice_target", "type": "MESH", "rotation": {"y": 0.0, "x": 0.0, "z": -0.0}, "location": {"y": 0.06954693794250488, "x": 47.36042785644531, "z": 48.07414245605469}, "name": "practice_target.007", "scale": {"y": 1.0, "x": 1.0, "z": 1.0}}, "practice_target.018": {"model": "practice_target", "type": "MESH", "rotation": {"y": 0.0, "x": 0.0, "z": -0.0}, "location": {"y": 36.57516098022461, "x": -24.067745208740234, "z": -229.84486389160156}, "name": "practice_target.018", "scale": {"y": 1.0, "x": 1.0, "z": 1.0}}, "practice_target.024": {"model": "practice_target", "type": "MESH", "rotation": {"y": 0.0, "x": 0.0, "z": -0.0}, "location": {"y": 36.57516098022461, "x": -75.72900390625, "z": -133.2146759033203}, "name": "practice_target.024", "scale": {"y": 1.0, "x": 1.0, "z": 1.0}}, "practice_target.019": {"model": "practice_target", "type": "MESH", "rotation": {"y": 0.0, "x": 0.0, "z": -0.0}, "location": {"y": 36.57516098022461, "x": -12.83694839477539, "z": -154.23776245117188}, "name": "practice_target.019", "scale": {"y": 1.0, "x": 1.0, "z": 1.0}}, "practice_target.029": {"model": "practice_target", "type": "MESH", "rotation": {"y": 0.0, "x": 0.0, "z": -0.0}, "location": {"y": 38.15938949584961, "x": -25.822898864746094, "z": -95.12966918945312}, "name": "practice_target.029", "scale": {"y": 1.0, "x": 1.0, "z": 1.0}}, "practice_target.003": {"model": "practice_target", "type": "MESH", "rotation": {"y": 0.0, "x": 0.0, "z": -0.0}, "location": {"y": 0.06954503059387207, "x": 1.207773208618164, "z": 17.12175750732422}, "name": "practice_target.003", "scale": {"y": 1.0, "x": 1.0, "z": 1.0}}, "Sun.001": {"data": {"color": {"g": 255, "r": 255, "b": 255}, "type": "SUN", "cast_shadow": false, "decay": 2, "energy": 0.5, "spot_size": 0, "distance": 2500.0, "spot_blend": 0}, "model": "Sun.001", "type": "LAMP", "rotation": {"y": 0.0, "x": 0.0, "z": -0.0}, "location": {"y": 73.80033874511719, "x": 41.40298843383789, "z": -69.11181640625}, "name": "Sun.001", "scale": {"y": 1.0, "x": 1.0, "z": 1.0}}, "practice_target.017": {"model": "practice_target", "type": "MESH", "rotation": {"y": 0.0, "x": 0.0, "z": -0.0}, "location": {"y": 36.575164794921875, "x": 31.785472869873047, "z": -198.0603485107422}, "name": "practice_target.017", "scale": {"y": 1.0, "x": 1.0, "z": 1.0}}, "practice_target.009": {"model": "practice_target", "type": "MESH", "rotation": {"y": 0.0, "x": 0.0, "z": -0.0}, "location": {"y": 0.06954693794250488, "x": -31.87360382080078, "z": -70.34652709960938}, "name": "practice_target.009", "scale": {"y": 1.0, "x": 1.0, "z": 1.0}}, "practice_target.026": {"model": "practice_target", "type": "MESH", "rotation": {"y": 0.0, "x": 0.0, "z": -0.0}, "location": {"y": 36.575164794921875, "x": -66.63247680664062, "z": -267.2314758300781}, "name": "practice_target.026", "scale": {"y": 1.0, "x": 1.0, "z": 1.0}}, "level_1_ramp": {"model": "level_1_ramp", "type": "MESH", "rotation": {"y": 0.0, "x": 0.0, "z": -0.0}, "location": {"y": 0.0, "x": 0.0, "z": -0.0}, "name": "level_1_ramp", "scale": {"y": 1.0,