{"name": "level_1", "environment_light": 0.5, "player_start": {"z": -2.86102294921875e-06, "x": -9.5367431640625e-07, "y": 7.89298677444458}, "view_rotate": -1.5707963705062866, "level_end": {"z": 359.13092041015625, "x": -144.63662719726562, "radius": 18.365224838256836, "y": -0.697019100189209, "use": true}, "objects": {"level_1_lower_ground": {"location": {"z": 246.62998962402344, "x": 3.814697265625e-06, "y": -7.0}, "model": "level_1_lower_ground", "name": "level_1_lower_ground", "type": "MESH", "rotation": {"z": -0.0, "x": 0.0, "y": 0.0}, "scale": {"z": 1.0, "x": 1.0, "y": 1.0}}, "trigger_target": {"location": {"z": 271.54254150390625, "x": -144.35841369628906, "y": 12.467565536499023}, "model": "trigger_target", "name": "trigger_target", "type": "MESH", "rotation": {"z": -0.0, "x": 0.0, "y": 0.0}, "scale": {"z": 1.0, "x": 1.0, "y": 1.0}}, "Sun.001": {"location": {"z": -69.11181640625, "x": 41.40298843383789, "y": 73.80033874511719}, "model": "Sun.001", "name": "Sun.001", "type": "LAMP", "rotation": {"z": -0.0, "x": 0.0, "y": 0.0}, "data": {"cast_shadow": false, "type": "SUN", "energy": 0.5, "color": {"b": 255, "g": 255, "r": 255}, "spot_size": 0, "decay": 2, "spot_blend": 0, "distance": 2500.0}, "scale": {"z": 1.0, "x": 1.0, "y": 1.0}}, "trigger_target.002": {"location": {"z": 155.44134521484375, "x": -73.27235412597656, "y": 20.98334503173828}, "model": "trigger_target", "name": "trigger_target.002", "type": "MESH", "rotation": {"z": 0.0, "x": 0.0, "y": 4.71238899230957}, "scale": {"z": 1.0, "x": 1.0, "y": 1.0}}, "Sun": {"location": {"z": 24.91632843017578, "x": -32.706268310546875, "y": 33.77847671508789}, "model": "Sun", "name": "Sun", "type": "LAMP", "rotation": {"z": -0.0, "x": 0.0, "y": 0.0}, "data": {"cast_shadow": true, "type": "SUN", "energy": 0.5, "color": {"b": 255, "g": 255, "r": 255}, "spot_size": 0, "decay": 2, "spot_blend": 0, "distance": 2500.0}, "scale": {"z": 1.0, "x": 1.0, "y": 1.0}}, "trigger_target.001": {"location": {"z": 244.19784545898438, "x": -215.93077087402344, "y": 35.57509231567383}, "model": "trigger_target", "name": "trigger_target.001", "type": "MESH", "rotation": {"z": 0.0, "x": 0.0, "y": 1.5707963705062866}, "scale": {"z": 1.0, "x": 1.0, "y": 1.0}}, "Camera": {"location": {"z": 166.88754272460938, "x": 118.1231918334961, "y": 157.5501251220703}, "model": "Camera", "name": "Camera", "type": "CAMERA", "rotation": {"z": 2.837018371337763e-07, "x": 1.0212992429733276, "y": 0.6717243194580078}, "scale": {"z": 0.9999999403953552, "x": 0.9999999403953552, "y": 0.9999999403953552}}, "door": {"location": {"z": 338.3477783203125, "x": -144.63662719726562, "y": -2.08467960357666}, "model": "door_frame", "name": "door", "type": "MESH", "rotation": {"z": -0.0, "x": 0.0, "y": 0.0}, "scale": {"z": 1.0, "x": 1.0, "y": 1.0}}, "trigger_target.003": {"location": {"z": 337.6375427246094, "x": -144.63662719726562, "y": 28.07568359375}, "model": "trigger_target", "name": "trigger_target.003", "type": "MESH", "rotation": {"z": 0.0, "x": 0.0, "y": 3.1415929794311523}, "scale": {"z": 1.0, "x": 1.0, "y": 1.0}}, "level_1_terrain": {"location": {"z": -0.0, "x": 0.0, "y": 0.0}, "model": "level_1_terrain", "name": "level_1_terrain", "type": "MESH", "rotation": {"z": -0.0, "x": 0.0, "y": 0.0}, "scale": {"z": 1.0, "x": 1.0, "y": 1.0}}}, "horizon_color": {"b": 255, "g": 119, "r": 0}}