{"view_rotate": -1.5707963705062866, "environment_light": 0.5, "objects": {"Sun": {"location": {"z": 24.91632843017578, "x": -32.706268310546875, "y": 33.77847671508789}, "model": "Sun", "data": {"energy": 0.5, "cast_shadow": true, "color": {"b": 255, "g": 255, "r": 255}, "decay": 2, "spot_size": 0, "type": "SUN", "distance": 2500.0, "spot_blend": 0}, "rotation": {"z": -0.0, "x": 0.0, "y": 0.0}, "scale": {"z": 1.0, "x": 1.0, "y": 1.0}, "type": "LAMP", "name": "Sun"}, "practice_target": {"location": {"z": 53.79487609863281, "x": 2.307422637939453, "y": -1.9282820224761963}, "model": "practice_target", "rotation": {"z": -0.0, "x": 0.0, "y": 0.0}, "scale": {"z": 1.0, "x": 1.0, "y": 1.0}, "type": "MESH", "name": "practice_target"}, "Sun.001": {"location": {"z": -69.11181640625, "x": 41.40298843383789, "y": 73.80033874511719}, "model": "Sun.001", "data": {"energy": 0.5, "cast_shadow": false, "color": {"b": 255, "g": 255, "r": 255}, "decay": 2, "spot_size": 0, "type": "SUN", "distance": 2500.0, "spot_blend": 0}, "rotation": {"z": -0.0, "x": 0.0, "y": 0.0}, "scale": {"z": 1.0, "x": 1.0, "y": 1.0}, "type": "LAMP", "name": "Sun.001"}, "practice_target.003": {"location": {"z": 134.2852020263672, "x": -144.82862854003906, "y": -1.928283452987671}, "model": "practice_target", "rotation": {"z": 0.0, "x": 0.0, "y": 6.337400913238525}, "scale": {"z": 1.0, "x": 1.0, "y": 1.0}, "type": "MESH", "name": "practice_target.003"}, "practice_target.002": {"location": {"z": 32.89746856689453, "x": -161.3660125732422, "y": -1.928283452987671}, "model": "practice_target", "rotation": {"z": -0.0, "x": 0.0, "y": 5.527246475219727}, "scale": {"z": 1.0, "x": 1.0, "y": 1.0}, "type": "MESH", "name": "practice_target.002"}, "practice_target.009": {"location": {"z": 499.8547668457031, "x": -189.31947326660156, "y": 45.71341323852539}, "model": "practice_target", "rotation": {"z": 0.0, "x": 0.0, "y": 5.4394354820251465}, "scale": {"z": 1.0, "x": 1.0, "y": 1.0}, "type": "MESH", "name": "practice_target.009"}, "Camera": {"location": {"z": 166.88754272460938, "x": 118.1231918334961, "y": 157.5501251220703}, "model": "Camera", "rotation": {"z": 2.837018371337763e-07, "x": 1.0212992429733276, "y": 0.6717243194580078}, "scale": {"z": 0.9999999403953552, "x": 0.9999999403953552, "y": 0.9999999403953552}, "type": "CAMERA", "name": "Camera"}, "practice_target.007": {"location": {"z": 58.42887878417969, "x": -46.85344696044922, "y": -1.9282844066619873}, "model": "practice_target", "rotation": {"z": -0.0, "x": 0.0, "y": 5.531452178955078}, "scale": {"z": 1.0, "x": 1.0, "y": 1.0}, "type": "MESH", "name": "practice_target.007"}, "level_1_terrain": {"location": {"z": -0.0, "x": 0.0, "y": 0.0}, "model": "level_1_terrain", "rotation": {"z": -0.0, "x": 0.0, "y": 0.0}, "scale": {"z": 1.0, "x": 1.0, "y": 1.0}, "type": "MESH", "name": "level_1_terrain"}, "practice_target.008": {"location": {"z": 519.3102416992188, "x": -139.76246643066406, "y": 46.479793548583984}, "model": "practice_target", "rotation": {"z": 0.0, "x": 0.0, "y": 6.301783561706543}, "scale": {"z": 1.0, "x": 1.0, "y": 1.0}, "type": "MESH", "name": "practice_target.008"}, "practice_target.005": {"location": {"z": -50.3697395324707, "x": -50.07710647583008, "y": -1.9282844066619873}, "model": "practice_target", "rotation": {"z": -0.0, "x": 0.0, "y": 3.922382116317749}, "scale": {"z": 1.0, "x": 1.0, "y": 1.0}, "type": "MESH", "name": "practice_target.005"}, "practice_target.001": {"location": {"z": 12.008133888244629, "x": -109.1426773071289, "y": -1.9282829761505127}, "model": "practice_target", "rotation": {"z": -0.0, "x": 0.0, "y": 4.907138824462891}, "scale": {"z": 1.0, "x": 1.0, "y": 1.0}, "type": "MESH", "name": "practice_target.001"}, "level_1_lower_ground": {"location": {"z": 246.62998962402344, "x": 3.814697265625e-06, "y": -7.0}, "model": "level_1_lower_ground", "rotation": {"z": -0.0, "x": 0.0, "y": 0.0}, "scale": {"z": 1.0, "x": 1.0, "y": 1.0}, "type": "MESH", "name": "level_1_lower_ground"}, "practice_target.004": {"location": {"z": 506.5523681640625, "x": -97.77962493896484, "y": 46.30170440673828}, "model": "practice_target", "rotation": {"z": 0.0, "x": 0.0, "y": 6.883330345153809}, "scale": {"z": 1.0, "x": 1.0, "y": 1.0}, "type": "MESH", "name": "practice_target.004"}, "practice_target.006": {"location": {"z": 0.402948260307312, "x": -61.56140899658203, "y": -1.9282844066619873}, "model": "practice_target", "rotation": {"z": -0.0, "x": 0.0, "y": 4.639327049255371}, "scale": {"z": 1.0, "x": 1.0, "y": 1.0}, "type": "MESH", "name": "practice_target.006"}, "turret_base.002": {"location": {"z": 317.9665222167969, "x": -123.22184753417969, "y": -2.0846786499023438}, "model": "turret_base", "rotation": {"z": -0.0, "x": 0.0, "y": 0.0}, "scale": {"z": 1.0, "x": 1.0, "y": 1.0}, "type": "MESH", "name": "turret_base.002"}, "turret_base": {"location": {"z": 212.24945068359375, "x": -119.36146545410156, "y": -2.08467960357666}, "model": "turret_base", "rotation": {"z": -0.0, "x": 0.0, "y": 0.0}, "scale": {"z": 1.0, "x": 1.0, "y": 1.0}, "type": "MESH", "name": "turret_base"}, "turret_base.001": {"location": {"z": 263.9356689453125, "x": -190.18629455566406, "y": -2.0846786499023438}, "model": "turret_base", "rotation": {"z": -0.0, "x": 0.0, "y": 0.0}, "scale": {"z": 1.0, "x": 1.0, "y": 1.0}, "type": "MESH", "name": "turret_base.001"}}, "name": "level_1", "horizon_color": {"b": 255, "g": 119, "r": 0}, "player_start": {"z": -2.86102294921875e-06, "x": -9.5367431640625e-07, "y": 7.89298677444458}}