{"name": "level_3", "environment_light": 0.5, "player_start": {"z": -0.0, "x": 0.0, "y": 5.607338905334473}, "view_rotate": 0.0, "level_end": {"z": 113.47932434082031, "x": 9.5367431640625e-07, "radius": 12.938482284545898, "y": 1.4195175170898438, "use": true}, "objects": {"door": {"location": {"z": 100.0, "x": 9.5367431640625e-07, "y": 0.0}, "model": "door_frame", "name": "door", "type": "MESH", "rotation": {"z": -0.0, "x": 0.0, "y": 0.0}, "scale": {"z": 1.0, "x": 1.0, "y": 1.0}}, "Sun.001": {"location": {"z": -69.11181640625, "x": 41.40298843383789, "y": 73.80033874511719}, "model": "Sun.001", "name": "Sun.001", "type": "LAMP", "rotation": {"z": -0.0, "x": 0.0, "y": 0.0}, "data": {"cast_shadow": false, "type": "SUN", "energy": 0.5, "color": {"b": 255, "g": 255, "r": 255}, "spot_size": 0, "decay": 2, "spot_blend": 0, "distance": 2500.0}, "scale": {"z": 1.0, "x": 1.0, "y": 1.0}}, "Sun": {"location": {"z": 24.91632843017578, "x": -32.706268310546875, "y": 33.77847671508789}, "model": "Sun", "name": "Sun", "type": "LAMP", "rotation": {"z": -0.0, "x": 0.0, "y": 0.0}, "data": {"cast_shadow": true, "type": "SUN", "energy": 0.5, "color": {"b": 255, "g": 255, "r": 255}, "spot_size": 0, "decay": 2, "spot_blend": 0, "distance": 2500.0}, "scale": {"z": 1.0, "x": 1.0, "y": 1.0}}, "turret_base.003": {"location": {"z": -88.8888931274414, "x": 88.88888549804688, "y": 0.0}, "model": "turret_base", "name": "turret_base.003", "type": "MESH", "rotation": {"z": -0.0, "x": 0.0, "y": 0.0}, "scale": {"z": 1.0, "x": 1.0, "y": 1.0}}, "turret_base.001": {"location": {"z": 88.88888549804688, "x": -88.88888549804688, "y": 0.0}, "model": "turret_base", "name": "turret_base.001", "type": "MESH", "rotation": {"z": -0.0, "x": 0.0, "y": 0.0}, "scale": {"z": 1.0, "x": 1.0, "y": 1.0}}, "trigger_target.003": {"location": {"z": 98.77694702148438, "x": 88.21961975097656, "y": 16.827884674072266}, "model": "trigger_target", "name": "trigger_target.003", "type": "MESH", "rotation": {"z": 0.0, "x": 0.0, "y": 3.1415929794311523}, "scale": {"z": 1.0, "x": 1.0, "y": 1.0}}, "trigger_target.001": {"location": {"z": -98.87715148925781, "x": -88.09986114501953, "y": 16.827884674072266}, "model": "trigger_target", "name": "trigger_target.001", "type": "MESH", "rotation": {"z": -0.0, "x": 0.0, "y": 0.0}, "scale": {"z": 1.0, "x": 1.0, "y": 1.0}}, "trigger_target": {"location": {"z": -98.87715148925781, "x": 88.88888549804688, "y": 16.827884674072266}, "model": "trigger_target", "name": "trigger_target", "type": "MESH", "rotation": {"z": -0.0, "x": 0.0, "y": 0.0}, "scale": {"z": 1.0, "x": 1.0, "y": 1.0}}, "trigger_target.002": {"location": {"z": 98.77694702148438, "x": -88.88888549804688, "y": 16.827884674072266}, "model": "trigger_target", "name": "trigger_target.002", "type": "MESH", "rotation": {"z": 0.0, "x": 0.0, "y": 3.1415929794311523}, "scale": {"z": 1.0, "x": 1.0, "y": 1.0}}, "level_3_terrain": {"location": {"z": -0.0, "x": 0.0, "y": 0.0}, "model": "level_3_terrain", "name": "level_3_terrain", "type": "MESH", "rotation": {"z": -0.0, "x": 0.0, "y": 0.0}, "scale": {"z": 1.0, "x": 1.0, "y": 1.0}}, "Camera": {"location": {"z": 114.28423309326172, "x": 125.80183410644531, "y": 94.42667388916016}, "model": "Camera", "name": "Camera", "type": "CAMERA", "rotation": {"z": -0.0, "x": 1.1093189716339111, "y": 0.8149281740188599}, "scale": {"z": 1.0, "x": 1.0, "y": 1.0}}, "turret_base.002": {"location": {"z": 88.88888549804688, "x": 88.88888549804688, "y": 0.0}, "model": "turret_base", "name": "turret_base.002", "type": "MESH", "rotation": {"z": -0.0, "x": 0.0, "y": 0.0}, "scale": {"z": 1.0, "x": 1.0, "y": 1.0}}, "turret_base": {"location": {"z": -88.88888549804688, "x": -88.88888549804688, "y": 0.0}, "model": "turret_base", "name": "turret_base", "type": "MESH", "rotation": {"z": -0.0, "x": 0.0, "y": 0.0}, "scale": {"z": 1.0, "x": 1.0, "y": 1.0}}}, "horizon_color": {"b": 255, "g": 119, "r": 0}}