{"name": "main_menu", "environment_light": 1.0, "player_start": {"z": 0, "x": 0, "y": 0}, "view_rotate": 0, "level_end": {"z": 0, "x": 0, "radius": 0, "y": 0, "use": false}, "objects": {"Sun": {"location": {"z": 24.91632843017578, "x": -32.706268310546875, "y": 33.77847671508789}, "model": "Sun", "name": "Sun", "type": "LAMP", "rotation": {"z": -0.0, "x": 0.0, "y": 0.0}, "data": {"cast_shadow": true, "type": "SUN", "energy": 0.5, "color": {"b": 255, "g": 255, "r": 255}, "spot_size": 0, "decay": 2, "spot_blend": 0, "distance": 2500.0}, "scale": {"z": 1.0, "x": 1.0, "y": 1.0}}, "Camera": {"location": {"z": 50.670108795166016, "x": -0.14886021614074707, "y": 51.48939895629883}, "model": "menu_camera", "name": "Camera", "type": "CAMERA", "rotation": {"z": 0.0, "x": 1.5707964897155762, "y": 0.0}, "scale": {"z": 1.0000001192092896, "x": 1.0, "y": 1.0000001192092896}}, "Sun.001": {"location": {"z": -69.11181640625, "x": 41.40298843383789, "y": 73.80033874511719}, "model": "Sun.001", "name": "Sun.001", "type": "LAMP", "rotation": {"z": -0.0, "x": 0.0, "y": 0.0}, "data": {"cast_shadow": false, "type": "SUN", "energy": 0.5, "color": {"b": 255, "g": 255, "r": 255}, "spot_size": 0, "decay": 2, "spot_blend": 0, "distance": 2500.0}, "scale": {"z": 1.0, "x": 1.0, "y": 1.0}}, "main_menu_scene": {"location": {"z": -49.55137252807617, "x": -52.859657287597656, "y": -6.618912696838379}, "model": "Plane.002", "name": "main_menu_scene", "type": "MESH", "rotation": {"z": -0.0, "x": 0.0, "y": 0.0}, "scale": {"z": 1.0, "x": 1.0, "y": 1.4537594318389893}}}, "horizon_color": {"b": 255, "g": 119, "r": 0}}