{"name": "main_menu", "horizon_color": {"b": 13, "r": 13, "g": 13}, "player_start": {"y": 0, "x": 0, "z": 0}, "objects": {"Sun": {"name": "Sun", "model": "Sun", "type": "LAMP", "data": {"energy": 0.5, "spot_blend": 0, "type": "SUN", "distance": 2500.0, "color": {"b": 255, "r": 255, "g": 255}, "cast_shadow": true, "spot_size": 0, "decay": 2}, "rotation": {"y": 0.0, "x": 0.0, "z": -0.0}, "scale": {"y": 1.0, "x": 1.0, "z": 1.0}, "location": {"y": 33.77847671508789, "x": -32.706268310546875, "z": 24.91632843017578}}, "main_menu_scene": {"name": "main_menu_scene", "model": "Plane.002", "type": "MESH", "rotation": {"y": 0.0, "x": 0.0, "z": -0.0}, "scale": {"y": 1.4537594318389893, "x": 1.0, "z": 1.0}, "location": {"y": -6.618912696838379, "x": -52.859657287597656, "z": -49.55137252807617}}, "Camera": {"name": "Camera", "model": "menu_camera", "type": "CAMERA", "rotation": {"y": 0.0, "x": 1.5707964897155762, "z": 0.0}, "scale": {"y": 1.0000001192092896, "x": 1.0, "z": 1.0000001192092896}, "location": {"y": 51.48939895629883, "x": -0.14886021614074707, "z": 50.670108795166016}}, "Sun.001": {"name": "Sun.001", "model": "Sun.001", "type": "LAMP", "data": {"energy": 0.5, "spot_blend": 0, "type": "SUN", "distance": 2500.0, "color": {"b": 255, "r": 255, "g": 255}, "cast_shadow": false, "spot_size": 0, "decay": 2}, "rotation": {"y": 0.0, "x": 0.0, "z": -0.0}, "scale": {"y": 1.0, "x": 1.0, "z": 1.0}, "location": {"y": 73.80033874511719, "x": 41.40298843383789, "z": -69.11181640625}}}, "environment_light": 1.0}