{"environment_light": 1.0, "player_start": {"y": 0, "z": 0, "x": 0}, "objects": {"Sun.001": {"type": "LAMP", "location": {"y": 73.80033874511719, "z": -69.11181640625, "x": 41.40298843383789}, "scale": {"y": 1.0, "z": 1.0, "x": 1.0}, "model": "Sun.001", "data": {"type": "SUN", "energy": 0.5, "color": {"g": 255, "b": 255, "r": 255}, "distance": 2500.0, "spot_blend": 0, "cast_shadow": false, "spot_size": 0, "decay": 2}, "rotation": {"y": 0.0, "z": -0.0, "x": 0.0}, "name": "Sun.001"}, "Sun": {"type": "LAMP", "location": {"y": 33.77847671508789, "z": 24.91632843017578, "x": -32.706268310546875}, "scale": {"y": 1.0, "z": 1.0, "x": 1.0}, "model": "Sun", "data": {"type": "SUN", "energy": 0.5, "color": {"g": 255, "b": 255, "r": 255}, "distance": 2500.0, "spot_blend": 0, "cast_shadow": true, "spot_size": 0, "decay": 2}, "rotation": {"y": 0.0, "z": -0.0, "x": 0.0}, "name": "Sun"}, "main_menu_scene": {"type": "MESH", "location": {"y": -6.618912696838379, "z": -49.55137252807617, "x": -52.859657287597656}, "scale": {"y": 1.4537594318389893, "z": 1.0, "x": 1.0}, "model": "Plane.002", "rotation": {"y": 0.0, "z": -0.0, "x": 0.0}, "name": "main_menu_scene"}, "Camera": {"type": "CAMERA", "location": {"y": 51.48939895629883, "z": 50.670108795166016, "x": -0.14886021614074707}, "scale": {"y": 1.0000001192092896, "z": 1.0000001192092896, "x": 1.0}, "model": "menu_camera", "rotation": {"y": 0.0, "z": 0.0, "x": 1.5707964897155762}, "name": "Camera"}}, "name": "main_menu", "horizon_color": {"g": 119, "b": 255, "r": 0}}