{"player_start": {"y": 0, "z": 0, "x": 0}, "objects": {"Camera": {"location": {"y": 51.48939895629883, "z": 50.670108795166016, "x": -0.14886021614074707}, "type": "CAMERA", "scale": {"y": 1.0000001192092896, "z": 1.0000001192092896, "x": 1.0}, "model": "menu_camera", "rotation": {"y": 0.0, "z": 0.0, "x": 1.5707964897155762}, "name": "Camera"}, "main_menu_scene": {"location": {"y": -6.618912696838379, "z": -49.55137252807617, "x": -52.859657287597656}, "type": "MESH", "scale": {"y": 1.4537594318389893, "z": 1.0, "x": 1.0}, "model": "Plane.002", "rotation": {"y": 0.0, "z": -0.0, "x": 0.0}, "name": "main_menu_scene"}, "Sun.001": {"location": {"y": 73.80033874511719, "z": -69.11181640625, "x": 41.40298843383789}, "data": {"spot_blend": 0, "distance": 2500.0, "cast_shadow": false, "type": "SUN", "decay": 2, "color": {"b": 255, "g": 255, "r": 255}, "spot_size": 0, "energy": 0.5}, "type": "LAMP", "scale": {"y": 1.0, "z": 1.0, "x": 1.0}, "model": "Sun.001", "rotation": {"y": 0.0, "z": -0.0, "x": 0.0}, "name": "Sun.001"}, "Sun": {"location": {"y": 33.77847671508789, "z": 24.91632843017578, "x": -32.706268310546875}, "data": {"spot_blend": 0, "distance": 2500.0, "cast_shadow": true, "type": "SUN", "decay": 2, "color": {"b": 255, "g": 255, "r": 255}, "spot_size": 0, "energy": 0.5}, "type": "LAMP", "scale": {"y": 1.0, "z": 1.0, "x": 1.0}, "model": "Sun", "rotation": {"y": 0.0, "z": -0.0, "x": 0.0}, "name": "Sun"}}, "view_rotate": 0, "name": "main_menu", "horizon_color": {"b": 255, "g": 119, "r": 0}, "environment_light": 1.0}