{"view_rotate": 0, "horizon_color": {"g": 119, "b": 255, "r": 0}, "environment_light": 1.0, "player_start": {"x": 0, "z": 0, "y": 0}, "name": "main_menu", "objects": {"Camera": {"scale": {"x": 1.0, "z": 1.0000001192092896, "y": 1.0000001192092896}, "location": {"x": -0.14886021614074707, "z": 50.670108795166016, "y": 51.48939895629883}, "rotation": {"x": 1.5707964897155762, "z": 0.0, "y": 0.0}, "model": "menu_camera", "name": "Camera", "type": "CAMERA"}, "main_menu_scene": {"scale": {"x": 1.0, "z": 1.0, "y": 1.4537594318389893}, "location": {"x": -52.859657287597656, "z": -49.55137252807617, "y": -6.618912696838379}, "rotation": {"x": 0.0, "z": -0.0, "y": 0.0}, "model": "Plane.002", "name": "main_menu_scene", "type": "MESH"}, "Sun.001": {"data": {"color": {"g": 255, "b": 255, "r": 255}, "distance": 2500.0, "cast_shadow": false, "energy": 0.5, "spot_blend": 0, "spot_size": 0, "type": "SUN", "decay": 2}, "scale": {"x": 1.0, "z": 1.0, "y": 1.0}, "location": {"x": 41.40298843383789, "z": -69.11181640625, "y": 73.80033874511719}, "rotation": {"x": 0.0, "z": -0.0, "y": 0.0}, "model": "Sun.001", "name": "Sun.001", "type": "LAMP"}, "Sun": {"data": {"color": {"g": 255, "b": 255, "r": 255}, "distance": 2500.0, "cast_shadow": true, "energy": 0.5, "spot_blend": 0, "spot_size": 0, "type": "SUN", "decay": 2}, "scale": {"x": 1.0, "z": 1.0, "y": 1.0}, "location": {"x": -32.706268310546875, "z": 24.91632843017578, "y": 33.77847671508789}, "rotation": {"x": 0.0, "z": -0.0, "y": 0.0}, "model": "Sun", "name": "Sun", "type": "LAMP"}}}