{"view_rotate": 0, "environment_light": 1.0, "objects": {"main_menu_scene": {"location": {"z": -49.55137252807617, "x": -52.859657287597656, "y": -6.618912696838379}, "model": "Plane.002", "rotation": {"z": -0.0, "x": 0.0, "y": 0.0}, "scale": {"z": 1.0, "x": 1.0, "y": 1.4537594318389893}, "type": "MESH", "name": "main_menu_scene"}, "Sun": {"location": {"z": 24.91632843017578, "x": -32.706268310546875, "y": 33.77847671508789}, "model": "Sun", "data": {"energy": 0.5, "cast_shadow": true, "color": {"b": 255, "g": 255, "r": 255}, "decay": 2, "spot_size": 0, "type": "SUN", "distance": 2500.0, "spot_blend": 0}, "rotation": {"z": -0.0, "x": 0.0, "y": 0.0}, "scale": {"z": 1.0, "x": 1.0, "y": 1.0}, "type": "LAMP", "name": "Sun"}, "Camera": {"location": {"z": 50.670108795166016, "x": -0.14886021614074707, "y": 51.48939895629883}, "model": "menu_camera", "rotation": {"z": 0.0, "x": 1.5707964897155762, "y": 0.0}, "scale": {"z": 1.0000001192092896, "x": 1.0, "y": 1.0000001192092896}, "type": "CAMERA", "name": "Camera"}, "Sun.001": {"location": {"z": -69.11181640625, "x": 41.40298843383789, "y": 73.80033874511719}, "model": "Sun.001", "data": {"energy": 0.5, "cast_shadow": false, "color": {"b": 255, "g": 255, "r": 255}, "decay": 2, "spot_size": 0, "type": "SUN", "distance": 2500.0, "spot_blend": 0}, "rotation": {"z": -0.0, "x": 0.0, "y": 0.0}, "scale": {"z": 1.0, "x": 1.0, "y": 1.0}, "type": "LAMP", "name": "Sun.001"}}, "name": "main_menu", "horizon_color": {"b": 255, "g": 119, "r": 0}, "player_start": {"z": 0, "x": 0, "y": 0}}