{
    "skinWeights":[],
    "materials":[{
        "colorEmissive":[0,0,0],
        "visible":true,
        "DbgIndex":0,
        "DbgName":"gun light",
        "wireframe":false,
        "blending":1,
        "depthWrite":true,
        "depthTest":true,
        "opacity":1,
        "transparent":false,
        "DbgColor":15658734,
        "colorDiffuse":[0.450788,0.470475,0.549327],
        "shading":"lambert",
        "doubleSided":false
    },{
        "colorEmissive":[0,0,0],
        "visible":true,
        "DbgIndex":1,
        "DbgName":"gun dark",
        "wireframe":false,
        "blending":1,
        "depthWrite":true,
        "depthTest":true,
        "opacity":1,
        "transparent":false,
        "DbgColor":15597568,
        "colorDiffuse":[0.222667,0.227622,0.271994],
        "shading":"lambert",
        "doubleSided":false
    }],
    "skinIndices":[],
    "influencesPerVertex":2,
    "uvs":[],
    "faces":[35,0,2,3,1,1,0,0,0,0,35,4,5,7,6,1,1,1,1,1,35,3,7,5,1,1,2,2,2,2,35,4,10,11,5,1,3,3,3,3,35,0,4,6,2,1,4,4,4,4,35,53,7,37,56,0,5,5,5,5,35,9,11,10,8,1,6,6,6,6,35,8,0,1,9,1,7,7,7,7,35,12,0,8,14,1,8,8,8,8,35,5,11,9,1,1,9,9,9,9,35,13,17,19,15,1,3,3,3,3,35,0,12,13,4,1,10,10,10,10,35,4,13,15,10,1,3,3,3,3,35,10,15,14,8,1,11,11,11,11,35,16,18,19,17,1,12,12,12,12,35,65,21,23,64,1,13,13,13,13,35,14,18,16,12,1,14,14,14,14,35,15,19,18,14,1,15,15,15,15,35,66,20,21,65,1,16,16,16,16,35,67,22,20,66,1,17,17,17,17,35,64,23,22,67,1,18,18,18,18,35,25,27,26,24,1,19,19,19,19,35,28,30,31,29,1,20,20,20,20,35,40,43,26,27,1,21,21,21,21,35,45,44,29,31,1,22,22,22,22,35,57,59,21,6,1,23,23,23,23,35,42,41,25,24,1,24,24,24,24,35,46,47,30,28,1,25,25,25,25,35,68,34,98,84,0,26,26,26,26,35,6,21,20,2,1,11,11,11,11,35,52,2,20,60,1,27,27,27,27,35,27,25,28,29,1,28,28,28,28,35,120,114,107,105,1,29,29,29,29,35,70,33,97,85,0,30,30,30,30,35,75,71,32,94,0,31,31,31,31,35,72,69,35,93,0,32,32,32,32,35,51,50,38,39,0,33,33,33,33,35,7,3,36,37,0,34,34,34,34,35,42,24,38,50,0,35,35,35,35,35,24,26,39,38,0,36,36,36,36,35,58,42,50,63,0,37,37,37,37,35,56,63,50,51,0,38,38,38,38,35,74,72,93,88,0,39,39,39,39,35,68,73,90,34,0,40,40,40,40,35,119,118,109,108,1,41,41,41,41,35,25,41,46,28,1,42,42,42,42,35,60,61,47,46,1,43,43,43,43,35,58,52,41,42,1,44,44,44,44,35,27,29,44,40,1,45,45,45,45,35,54,59,44,45,1,46,46,46,46,35,57,53,43,40,1,47,47,47,47,35,26,43,51,39,0,48,48,48,48,35,6,7,53,57,1,49,49,49,49,35,23,21,59,54,1,50,50,50,50,35,3,2,52,58,1,51,51,51,51,35,20,22,61,60,1,52,52,52,52,35,117,116,102,110,1,53,53,53,53,35,70,74,88,33,0,54,54,54,54,35,37,36,63,56,0,55,55,55,55,35,3,58,63,36,0,56,56,56,56,35,73,75,94,90,0,57,57,57,57,35,41,52,60,46,1,58,58,58,58,35,40,44,59,57,1,59,59,59,59,35,43,53,56,51,0,60,60,60,60,35,17,64,67,16,1,61,61,61,61,35,16,67,66,12,1,62,62,62,62,35,12,66,65,13,1,63,63,63,63,35,13,65,64,17,1,64,64,64,64,35,47,61,75,73,0,65,65,65,65,34,23,54,70,1,66,66,66,35,30,47,73,68,0,67,67,67,67,35,54,45,72,74,0,68,68,68,68,35,45,31,69,72,0,69,69,69,69,34,61,71,75,0,70,70,70,35,22,23,77,76,1,71,71,71,71,35,31,30,68,69,0,72,72,72,72,35,76,77,79,78,1,73,73,73,73,35,70,71,78,79,1,74,74,74,74,35,71,22,76,78,1,75,75,75,75,35,23,70,79,77,1,76,76,76,76,35,86,84,98,99,0,77,77,77,77,35,87,85,97,96,0,78,78,78,78,35,112,113,103,104,1,79,79,79,79,35,71,70,85,87,0,80,80,80,80,35,32,71,87,96,0,81,81,81,81,35,35,69,86,99,0,82,82,82,82,35,114,115,100,107,1,83,83,83,83,35,69,68,84,86,0,84,84,84,84,35,55,89,33,88,0,85,85,85,85,35,49,91,34,90,0,86,86,86,86,35,92,48,93,35,0,87,87,87,87,35,62,49,90,94,0,88,88,88,88,35,48,55,88,93,0,89,89,89,89,35,95,62,94,32,0,90,90,90,90,35,81,80,96,97,0,90,90,90,90,35,82,83,99,98,0,86,86,86,86,35,89,81,97,33,0,90,90,90,90,35,91,82,98,34,0,86,86,86,86,35,80,95,32,96,0,90,90,90,90,35,83,92,35,99,0,86,86,86,86,35,105,104,103,102,1,86,86,86,86,35,107,106,104,105,1,86,86,86,86,35,100,101,106,107,1,86,86,86,86,35,101,100,108,109,1,90,90,90,90,35,102,103,111,110,1,86,86,86,86,35,115,119,108,100,1,91,91,91,91,35,122,121,106,101,1,92,92,92,92,35,123,117,110,111,1,93,93,93,93,35,121,112,104,106,1,94,94,94,94,35,113,123,111,103,1,95,95,95,95,35,116,120,105,102,1,96,96,96,96,35,118,122,101,109,1,97,97,97,97,34,70,54,74,0,98,98,98,34,71,61,22,1,99,99,99,35,81,89,122,118,0,100,100,100,100,35,91,49,120,116,0,101,101,101,101,35,92,83,123,113,0,102,102,102,102,35,55,48,112,121,0,103,103,103,103,35,83,82,117,123,0,104,104,104,104,35,89,55,121,122,0,105,105,105,105,35,95,80,119,115,0,106,106,106,106,35,62,95,115,114,0,107,107,107,107,35,48,92,113,112,0,108,108,108,108,35,82,91,116,117,0,109,109,109,109,35,80,81,118,119,0,110,110,110,110,35,49,62,114,120,0,111,111,111,111],
    "normals":[0,-0.999915,-0.0130707,0,0.999912,-0.0132535,0.989195,0,-0.146609,0,1,0,-0.989195,0,0.146609,0.0258209,0.898047,0.439141,-0,0,1,-0,-1,0,0,-1,-0,0.925156,0,0.379588,0,-0,-1,0,-0,1,-0.81784,0,0.575445,0.1347,0.989742,-0.0476125,0,-1,0,0,-0,1,0.83148,0,-0.555554,0.1347,-0.989742,-0.0476124,-0.234507,3.99716e-08,0.972115,0.680755,0,-0.732512,-0.319334,0,-0.947642,0.139412,0.943689,-0.300024,-0.0228151,0.911042,-0.411682,0.00889678,0.86285,0.505382,0.139413,-0.943689,-0.300024,-0.0228152,-0.911042,-0.411681,0.00490594,-0.545077,-0.838372,0.00876941,-0.863042,0.505056,0,0,-1,-0.0553524,0.998467,0,0.00969886,0.521868,0.852971,0.0169348,-0.851204,0.524563,0.00864773,0.801854,-0.597457,1,0,-0,0,0,1,0,-0.86998,-0.493086,-0,0,-1,0.00203455,-0.999981,-0.0059094,0.76062,0,0.649198,0.0177526,0.999842,-1.99855e-07,0.00864774,-0.801854,-0.597457,-0.0546123,6.02961e-08,-0.998508,0.0459268,-0.965538,-0.256177,0.176501,-0.9843,0,0.00010269,-0.999902,-0.0139789,0.0459268,0.965538,-0.256177,0.176501,0.9843,0,0.00010269,0.999902,-0.013979,0,0.86998,-0.493086,9.96465e-05,0.928318,0.371787,0.256691,0.690343,0.676414,9.96626e-05,-0.92856,0.371182,0.256691,-0.690343,0.676414,-0.054195,0.545691,0.836232,0.0169348,0.851204,0.524563,0.783152,0,0.621831,0.025943,-0.898145,0.438934,0.0177526,-0.999842,1.99855e-07,0.0917308,-0.995759,-0.00704503,0.0917308,0.995759,-0.0070451,0.00203455,0.999981,-0.00590952,-0.946015,0,0.324123,0,-0.998834,-0.0482707,0.946015,0,-0.324123,0,0.998834,-0.0482708,0.153139,-0.988205,1.22162e-07,0.0291024,0.977471,0.209055,0.117027,-0.690332,-0.713966,0.152968,0.988231,-9.77325e-08,0.116918,0.690441,-0.713878,0.107715,-0.695087,0.710811,0.32063,3.22295e-08,0.947204,0,0,-1,-0.0717875,5.1634e-08,0.99742,-0.361195,0,0.93249,-0.0169315,-0.649378,0.760277,-0.00432443,0.759524,0.650465,-0.00126383,0,-0.999999,0.0203753,0,0.999792,-0.0522357,-0.812795,0.580203,0.347845,0,0.937552,0.00969887,-0.521868,0.852971,0.00490594,0.545077,-0.838372,-0.0519413,0.827164,-0.559555,0.201815,0,-0.979424,-1,-0,-0,-1,0,0,-1,-0,0,-1,0,0,-1,-0,0,-1,0,-0,-0.0545947,0.552993,-0.831395,-0.0518931,-0.827166,-0.559557,-0.053886,0,0.998547,-0.0552943,-0.99847,-1.99753e-07,-0.0541633,-0.545692,0.836233,-0.052283,0.812793,0.580201,-0.0545626,-0.552994,-0.831397,0.107627,0.695312,0.710604,0.0292116,-0.977424,0.209259,-0.0893416,-0.539711,-0.837096,-0.0854193,0.802275,0.590811,-0.0886675,-0.532473,0.84179,-0.0903229,-0.995912,-2.65727e-07,-0.0880333,0,0.996118,-0.0848119,-0.817095,-0.57023,-0.089393,0.539708,-0.837093,-0.0848893,0.817089,-0.570227,-0.0853432,-0.802281,0.590815,-0.088718,0.532471,0.841786,-0.0892146,9.70587e-08,-0.996012,-0.0904173,0.995904,-6.50375e-08],
    "animations":[],
    "metadata":{
        "type":"Geometry",
        "uvs":0,
        "faces":126,
        "generator":"io_three",
        "version":3,
        "normals":112,
        "materials":2,
        "vertices":124,
        "bones":0
    },