{
    "influencesPerVertex":2,
    "uvs":[[0,0,0.0855906,0.328346,0.328347,0.0855906,0.671655,0.0855905,0.914409,0.328346,0.914409,0.671653,0.671653,0.914409,0.328345,0.914408,0.0855905,0.671653]],
    "normals":[-8.99361e-08,-0.177618,0.984099,-1.43898e-07,-0.177618,0.984099,1.43898e-07,-0.177618,0.984099,8.99361e-08,-0.177618,0.984099,-1.49011e-08,-0.177618,0.9841,1.49011e-08,-0.177618,0.9841,-3.59745e-08,0.177618,-0.984099,3.59745e-08,0.177618,-0.984099,-1.52892e-07,0.177618,-0.984099,1.52892e-07,0.177618,-0.984099,0,0.177618,-0.9841,0,0.177618,-0.9841,0.382682,0.90919,0.164097,0.92388,-0.376598,-0.0679715,-0.382684,-0.909189,-0.164098,-0.92388,0.376598,0.0679712,0.92388,0.376598,0.0679712,0.382684,-0.909189,-0.164098,-0.92388,-0.376598,-0.0679715,-0.382682,0.90919,0.164097,0.534681,0.3769,0.756348,0.56909,0.8092,0.146051,0,-0.177618,0.9841,-0.889412,-0.449838,-0.0811904,-0.56909,0.8092,0.146051,0.000847429,-0.984099,-0.177618,6.79506e-08,0.177618,-0.9841,0.895094,0.438787,0.0791956,-0.000847429,-0.984099,-0.177618,-6.79506e-08,0.177618,-0.9841,0.889412,-0.449838,-0.0811904,-0.895094,0.438787,0.0791956,-0,-0.999932,-0.0116962,-0.535008,-0.379626,-0.754752,0.535008,-0.379626,-0.754752,-0.534681,0.3769,0.756348],
    "materials":[{
        "DbgIndex":0,
        "colorEmissive":[0,0,0],
        "mapDiffuseWrap":["repeat","repeat"],
        "depthTest":true,
        "mapDiffuseAnisotropy":1,
        "opacity":1,
        "visible":true,
        "DbgName":"practice_target_texture",
        "shading":"lambert",
        "blending":1,
        "mapDiffuseRepeat":[1,1],
        "depthWrite":true,
        "doubleSided":false,
        "colorDiffuse":[1,1,1],
        "transparent":false,
        "mapDiffuse":"practice_target_texture.png",
        "DbgColor":15658734,
        "wireframe":false
    },{
        "DbgIndex":1,
        "colorEmissive":[0,0,0],
        "depthTest":true,
        "opacity":1,
        "visible":true,
        "DbgName":"practice_target_stand",
        "shading":"lambert",
        "blending":1,
        "depthWrite":true,
        "doubleSided":false,
        "colorDiffuse":[0.64,0.300206,0.242948],
        "transparent":false,
        "DbgColor":15597568,
        "wireframe":false
    },{
        "DbgIndex":2,
        "colorEmissive":[0,0,0],
        "depthTest":true,
        "opacity":1,
        "visible":true,
        "DbgName":"practice_target_back",
        "shading":"lambert",
        "blending":1,
        "depthWrite":true,
        "doubleSided":false,
        "colorDiffuse":[0.266659,0.216137,0.209329],
        "transparent":false,
        "DbgColor":60928,
        "wireframe":false
    }],
    "faces":[42,0,1,2,2,0,0,0,0,0,0,42,2,3,4,2,0,0,0,1,1,1,42,4,5,6,2,0,0,0,2,2,2,42,6,7,0,2,0,0,0,3,3,3,42,0,2,4,2,0,0,0,4,4,4,42,4,6,0,2,0,0,0,5,5,5,42,10,9,8,0,8,1,2,6,6,6,42,8,15,14,0,2,3,4,7,7,7,42,14,13,12,0,4,5,6,8,8,8,42,12,11,10,0,6,7,8,9,9,9,42,10,8,14,0,8,2,4,10,10,10,42,14,12,10,0,4,6,8,11,11,11,43,8,0,7,15,2,0,0,0,0,12,12,12,12,43,5,13,14,6,2,0,0,0,0,13,13,13,13,43,3,11,12,4,2,0,0,0,0,14,14,14,14,43,1,9,10,2,2,0,0,0,0,15,15,15,15,43,6,14,15,7,2,0,0,0,0,16,16,16,16,43,4,12,13,5,2,0,0,0,0,17,17,17,17,43,2,10,11,3,2,0,0,0,0,18,18,18,18,43,0,8,9,1,2,0,0,0,0,19,19,19,19,43,23,20,32,35,1,0,0,0,0,20,20,20,20,43,19,18,20,23,1,0,0,0,0,21,21,21,21,43,22,21,30,31,1,0,0,0,0,22,22,22,22,43,22,17,24,26,1,0,0,0,0,23,23,23,23,43,18,16,21,20,1,0,0,0,0,24,24,24,24,43,24,25,27,26,1,0,0,0,0,25,25,25,25,43,23,22,26,27,1,0,0,0,0,22,22,22,22,43,17,19,25,24,1,0,0,0,0,26,26,26,26,43,19,23,27,25,1,0,0,0,0,27,27,27,27,43,28,29,31,30,1,0,0,0,0,28,28,28,28,43,16,17,29,28,1,0,0,0,0,29,29,29,29,43,17,22,31,29,1,0,0,0,0,30,30,30,30,43,21,16,28,30,1,0,0,0,0,31,31,31,31,43,33,34,35,32,1,0,0,0,0,32,32,32,32,43,21,22,34,33,1,0,0,0,0,33,33,33,33,43,22,23,35,34,1,0,0,0,0,34,34,34,34,43,20,21,33,32,1,0,0,0,0,35,35,35,35],
    "skinWeights":[],
    "metadata":{
        "type":"Geometry",
        "uvs":1,
        "normals":36,
        "materials":3,
        "faces":37,
        "version":3,
        "generator":"io_three",
        "bones":0,
        "vertices":36
    },
    "skinIndices":[],
    "bones":[],
    "animations":[],
    "vertices":[0,5.42114,0.841512,-1.41422,4.84467,0.737466,-2,3.45294,0.486276,-1.41422,2.06121,0.235086,0,1.48474,0.13104,1.41422,2.06121,0.235086,2,3.45294,0.486276,1.41422,4.84467,0.737466,0,5.50995,0.349462,-1.41422,4.93348,0.245416,-2,3.54175,-0.00577359,-1.41422,2.15002,-0.256963,0,1.57355,-0.36101,1.41422,2.15002,-0.256963,2,3.54175,-0.00577359,1.41422,4.93348,0.245416,-0.402249,3.45294,0.486276,0,3.17897,0.436829,0,3.72691,0.535724,0.402249,3.45294,0.486276,0,3.66655,0.870123,-0.402249,3.39258,0.820675,0,3.11862,0.771227,0.402249,3.39258,0.820675,1.67519,-0.0286801,-0.142114,2.16438,-0.0282721,-0.14204,1.67519,-0.089035,0.192285,2.16438,-0.0886271,0.192359,-2.16438,-0.0282721,-0.14204,-1.67519,-0.0286801,-0.142114,-2.16438,-0.0886271,0.192359,-1.67519,-0.089035,0.192285,0,-0.0416776,2.81638,-0.252308,-0.0384214,2.53801,0,-0.0351652,2.25963,0.252308,-0.0384214,2.53801]
}