{
    "animations":[],
    "bones":[],
    "normals":[0,6.49481e-09,1,-2.92449e-15,-1.08877e-07,1,0,6.49481e-09,1,0,-1.08877e-07,1],
    "vertices":[-1.7,0.166667,1.81461e-08,-1.7,-0.166667,-1.81461e-08,-0.166667,-1.7,-1.98462e-09,0.166667,-1.7,-1.98462e-09,1.7,-0.166667,-1.81461e-08,1.7,0.166667,1.81461e-08,0.166667,1.7,1.98462e-09,-0.166667,1.7,1.98462e-09,-0.333333,-0.166667,-1.81461e-08,-0.333333,0.166667,1.81461e-08,0.333333,-0.166667,-1.81461e-08,0.333333,0.166667,1.81461e-08,-0.166667,-0.333333,-1.08609e-08,-0.166667,0.333333,1.08609e-08,0.166667,-0.333333,-1.08609e-08,0.166667,0.333333,1.08609e-08],
    "uvs":[],
    "materials":[{
        "DbgIndex":0,
        "wireframe":false,
        "doubleSided":false,
        "DbgColor":15658734,
        "colorEmissive":[0,0,0],
        "shading":"lambert",
        "depthWrite":true,
        "colorDiffuse":[0.8,0.8,0.8],
        "blending":1,
        "opacity":1,
        "transparent":false,
        "DbgName":"crosshair",
        "visible":true,
        "depthTest":true
    }],
    "skinWeights":[],
    "skinIndices":[],
    "influencesPerVertex":2,
    "faces":[35,13,15,6,7,0,0,0,0,0,35,9,0,1,8,0,1,1,1,1,35,2,3,14,12,0,2,2,2,2,35,10,4,5,11,0,3,3,3,3],
    "metadata":{
        "bones":0,
        "normals":4,
        "vertices":16,
        "type":"Geometry",
        "uvs":0,
        "generator":"io_three",
        "materials":1,
        "version":3,
        "faces":4
    }
}