{
    "vertices":[-100,4.37114e-06,100,100,4.37114e-06,100,-100,-4.37114e-06,-100,100,-4.37114e-06,-100,-100,37.034,100,100,37.034,100,-100,37.034,-100,100,37.034,-100],
    "metadata":{
        "type":"Geometry",
        "generator":"io_three",
        "uvs":1,
        "vertices":8,
        "faces":5,
        "materials":1,
        "version":3,
        "normals":5,
        "bones":0
    },
    "influencesPerVertex":2,
    "animations":[],
    "normals":[-1,0,0,-1,-0,0,-0,0,1,0,0,1,0,1,-4.37114e-08],
    "uvs":[[0.670231,0.00495049,0.566823,0.00495057,0.566824,0.995049,0.670231,0.995049,0.997208,0.00495049,0.997208,0.995049,0.8938,0.995049,0.8938,0.00495049,0.888216,0.00495049,0.784808,0.00495049,0.784808,0.995049,0.888216,0.995049,0.675816,0.995049,0.675816,0.00495049,0.779223,0.00495049,0.779224,0.995049,0.00279236,0.995049,0.561239,0.995049,0.561239,0.00495049,0.00279223,0.00495072]],
    "bones":[],
    "faces":[43,1,5,7,3,0,0,1,2,3,0,0,0,0,43,2,0,4,6,0,4,5,6,7,1,1,1,1,43,3,7,6,2,0,8,9,10,11,2,2,2,2,43,0,1,5,4,0,12,13,14,15,3,3,3,3,43,2,0,1,3,0,16,17,18,19,4,4,4,4],
    "materials":[{
        "colorDiffuse":[0.762661,0.762661,0.762661],
        "mapDiffuseAnisotropy":1,
        "depthWrite":true,
        "DbgIndex":0,
        "wireframe":false,
        "colorEmissive":[0,0,0],
        "visible":true,
        "depthTest":true,
        "doubleSided":false,
        "DbgColor":15658734,
        "mapDiffuse":"level_1_terrain_texture.png",
        "transparent":false,
        "mapDiffuseRepeat":[1,1],
        "opacity":1,
        "shading":"lambert",
        "DbgName":"level_1_terrain",
        "mapDiffuseWrap":["repeat","repeat"],
        "blending":1
    }],
    "skinIndices":[],
    "skinWeights":[]
}