{
    "influencesPerVertex":2,
    "uvs":[[0.287944,0.170722,0.287937,0.00821541,0.428356,0.00821538,0.287937,0.49571,0.287945,0.33322,0.428356,0.49571,0.428356,0.170714,0.428356,0.333212,0.00709917,0.49571,0.00709917,0.495123,0.147526,0.33322,0.147518,0.49571,0.00709915,0.333212,0.00709913,0.170714,0.147526,0.170722,0.00709911,0.00821545,0.147518,0.00821542,0.117061,0.939453,0.00709911,0.939453,0.00709911,0.512141,0.117061,0.512141,0.241221,0.512141,0.241221,0.939453,0.131259,0.939453,0.131259,0.512141,0.523034,0.991785,0.442554,0.991785,0.442554,0.852662,0.523034,0.852662,0.992901,0.00821538,0.992901,0.320961,0.872682,0.320961,0.872682,0.00821539,0.335899,0.98044,0.255419,0.98044,0.255419,0.841317,0.335899,0.841317,0.375639,0.512141,0.375639,0.824887,0.25542,0.824887,0.255419,0.512141,0.858484,0.836231,0.792036,0.836231,0.792035,0.00821538,0.858484,0.0082155,0.711389,0.836231,0.711389,0.00821563,0.777837,0.00821538,0.777837,0.836231,0.603681,0.991785,0.537232,0.991785,0.537232,0.852662,0.603681,0.852662,0.576972,0.836231,0.576971,0.00821538,0.697191,0.0082155,0.697191,0.836231,0.350098,0.841317,0.416546,0.841317,0.416547,0.98044,0.350098,0.98044,0.562773,0.00821538,0.562773,0.836231,0.442554,0.836232,0.442554,0.0082155]],
    "normals":[0.319333,0.947642,-3.42677e-08,-0.319333,0.947642,-3.69591e-08,0,0.947642,-0.319333,-0.318299,0.94799,0.00115127,-0.319333,0.947643,-3.69591e-08,0,0.947643,0.319333,0,1,-4.82146e-08,0,0.947642,0.319333,0.319333,0.947643,-7.39183e-08,0,0.947642,-0.319333,0,0.947642,-0.319333,0,0.947643,0.319333,0.319333,0.947642,-3.42677e-08,0,-1,3.07845e-08,0,1,-6.1569e-08,1,0,0,0,0,1,-1,-0,0,0,-0,-1,-4.39434e-09,-1,4.8113e-08,-2.07757e-08,1,-1.93432e-08,0.731888,0,0.681425,-0.681423,0,0.73189,-0.731889,0,-0.681424,0.681423,0,-0.73189],
    "materials":[{
        "DbgIndex":0,
        "colorEmissive":[0,0,0],
        "depthTest":true,
        "opacity":1,
        "visible":true,
        "DbgName":"level_1_terrain",
        "shading":"lambert",
        "blending":1,
        "depthWrite":true,
        "doubleSided":false,
        "colorDiffuse":[0.8,0.8,0.8],
        "transparent":false,
        "DbgColor":15658734,
        "wireframe":false
    },{
        "DbgIndex":1,
        "colorEmissive":[0,0,0],
        "mapDiffuseWrap":["repeat","repeat"],
        "depthTest":true,
        "mapDiffuseAnisotropy":1,
        "opacity":1,
        "visible":true,
        "DbgName":"level_1_terrain_dark",
        "shading":"lambert",
        "blending":1,
        "mapDiffuseRepeat":[1,1],
        "depthWrite":true,
        "doubleSided":false,
        "colorDiffuse":[0.586647,0.586647,0.586647],
        "transparent":false,
        "mapDiffuse":"level_1_terrain.png",
        "DbgColor":15597568,
        "wireframe":false
    },{
        "DbgIndex":2,
        "colorEmissive":[0,0,0],
        "depthTest":true,
        "opacity":1,
        "visible":true,
        "DbgName":"level_1_terrain_orange",
        "shading":"lambert",
        "blending":1,
        "depthWrite":true,
        "doubleSided":false,
        "colorDiffuse":[0.687985,0.385216,0.158718],
        "transparent":false,
        "DbgColor":60928,
        "wireframe":false
    },{
        "DbgIndex":3,
        "colorEmissive":[0,0,0],
        "depthTest":true,
        "opacity":1,
        "visible":true,
        "DbgName":"level_1_terrain_orange_dark",
        "shading":"lambert",
        "blending":1,
        "depthWrite":true,
        "doubleSided":false,
        "colorDiffuse":[0.597317,0.33445,0.137801],
        "transparent":false,
        "DbgColor":238,
        "wireframe":false
    }],
    "faces":[42,15,9,0,1,0,1,2,0,0,0,42,6,13,1,1,3,4,5,1,1,1,43,13,15,4,5,1,4,0,6,7,2,2,2,2,43,3,16,12,7,1,8,9,10,11,3,3,3,3,43,7,12,13,6,1,11,10,4,3,4,4,4,4,43,10,11,14,12,1,12,13,14,10,5,5,5,5,43,12,14,15,13,1,10,14,0,4,6,6,6,6,42,11,2,14,1,13,15,14,7,7,7,43,14,8,9,15,1,14,16,1,0,8,8,8,8,42,0,4,15,1,2,6,0,9,9,9,42,1,13,5,1,5,4,7,10,10,10,42,12,16,10,1,10,9,12,11,11,11,42,14,2,8,1,14,15,16,12,12,12,43,17,19,20,18,1,17,18,19,20,13,13,13,13,43,21,22,24,23,1,21,22,23,24,14,14,14,14,43,19,17,21,23,1,25,26,27,28,15,15,15,15,43,20,19,23,24,1,29,30,31,32,16,16,16,16,43,18,20,24,22,1,33,34,35,36,17,17,17,17,43,17,18,22,21,1,37,38,39,40,18,18,18,18,43,25,27,28,26,1,41,42,43,44,19,19,19,19,43,29,30,32,31,1,45,46,47,48,20,20,20,20,43,27,25,29,31,1,49,50,51,52,21,21,21,21,43,28,27,31,32,1,53,54,55,56,22,22,22,22,43,26,28,32,30,1,57,58,59,60,23,23,23,23,43,25,26,30,29,1,61,62,63,64,24,24,24,24],
    "skinWeights":[],
    "metadata":{
        "type":"Geometry",
        "uvs":1,
        "normals":25,
        "materials":4,
        "faces":25,
        "version":3,
        "generator":"io_three",
        "bones":0,
        "vertices":33
    },
    "skinIndices":[],
    "bones":[],
    "animations":[],
    "vertices":[29.6697,-2.03468,-29.6697,-29.6697,-2.03468,-29.6697,29.6697,-2.03468,29.6697,-29.6697,-2.03468,29.6697,9.88989,-2.03468,-29.6697,-9.88989,-2.03468,-29.6697,-29.6697,-2.03468,-9.88989,-29.6697,-2.03468,9.88989,29.6697,-2.03468,9.88988,29.6697,-2.03468,-9.88989,-9.88989,-2.03468,29.6697,9.88989,-2.03468,29.6697,-9.88989,4.63064,9.88988,-9.88989,4.63064,-9.88989,9.88989,4.63064,9.88988,9.88989,4.63064,-9.88989,-29.5981,-2.03468,29.6697,-118.352,-2.03467,150.675,-170.365,-2.03467,150.675,-118.352,-2.03467,166.165,-170.365,-2.03467,166.165,-118.352,14.8997,150.675,-170.365,14.8997,150.675,-118.352,14.8997,166.165,-170.365,14.8997,166.165,-105.939,-2.03467,277.577,-179.706,-2.03467,208.897,-112.318,-2.03467,284.427,-186.084,-2.03467,215.747,-105.939,14.8997,277.577,-179.706,14.8997,208.897,-112.318,14.8997,284.427,-186.084,14.8997,215.747]
}