{
    "animations":[],
    "metadata":{
        "type":"Geometry",
        "vertices":24,
        "materials":1,
        "version":3,
        "uvs":1,
        "faces":25,
        "generator":"io_three",
        "bones":0,
        "normals":17
    },
    "materials":[{
        "transparent":false,
        "mapDiffuseWrap":["repeat","repeat"],
        "colorDiffuse":[0.8,0.8,0.8],
        "shading":"lambert",
        "visible":true,
        "wireframe":false,
        "opacity":1,
        "depthWrite":true,
        "mapDiffuseAnisotropy":1,
        "DbgIndex":0,
        "depthTest":true,
        "blending":1,
        "mapDiffuseRepeat":[1,1],
        "DbgName":"level_1_high_room",
        "doubleSided":false,
        "DbgColor":15658734,
        "colorEmissive":[0,0,0],
        "mapDiffuse":"level_1_high_room_texture.png"
    }],
    "uvs":[[0.666978,0.272683,0.556975,0.272683,0.507106,0.272683,0.507106,0.00263222,0.666978,0.0026322,0.837472,0.993387,0.837472,0.502689,0.997344,0.502689,0.997344,0.993387,0.672289,0.997368,0.672289,0.502689,0.832161,0.502689,0.832161,0.997368,0.832161,0.0026322,0.832162,0.497424,0.672289,0.497424,0.672289,0.00263224,0.837472,0.257534,0.837472,0.00263224,0.997345,0.0026322,0.997345,0.257534,0.947993,0.257534,0.164094,0.0026322,0.245335,0.0026322,0.244654,0.0184567,0.168297,0.0184567,0.837472,0.497424,0.837472,0.333225,0.947993,0.333225,0.997345,0.333225,0.997345,0.497424,0.666979,0.529073,0.507106,0.529073,0.507106,0.353216,0.556975,0.353216,0.666978,0.353216,0.0403116,0.627559,0.0243371,0.628071,0.0243371,0.518513,0.0403115,0.518513,0.0190264,0.519025,0.0190264,0.628071,0.00265534,0.628071,0.00265536,0.518513,0.0615942,0.599046,0.0456222,0.59488,0.0456222,0.519188,0.0615942,0.518513,0.501795,0.513249,0.0026555,0.513249,0.00265534,0.0184568,0.501795,0.0184567]],
    "skinIndices":[],
    "faces":[42,1,13,21,0,4,0,1,0,0,0,42,21,15,3,0,1,2,3,1,1,1,42,21,3,1,0,1,3,4,2,2,2,43,6,7,11,10,0,5,6,7,8,3,3,3,3,43,4,5,9,8,0,9,10,11,12,4,4,4,4,43,7,4,8,11,0,13,14,15,16,5,5,5,5,42,23,17,6,0,21,17,18,6,6,6,42,6,10,19,0,18,19,20,7,7,7,42,6,19,23,0,18,20,21,7,7,7,43,12,13,17,16,0,22,23,24,25,8,8,8,8,42,9,5,16,0,30,26,27,6,6,6,42,22,18,9,0,28,29,30,7,7,7,42,16,22,9,0,27,28,30,9,9,9,43,22,23,19,18,0,28,21,20,29,9,9,9,9,42,12,0,2,0,35,31,32,10,10,10,42,2,14,20,0,32,33,34,0,0,0,42,2,20,12,0,32,34,35,0,0,0,43,20,14,15,21,0,34,33,2,1,11,11,11,11,43,21,23,17,13,0,36,37,38,39,12,12,12,12,43,20,12,16,22,0,40,41,42,43,13,13,13,13,43,20,22,23,21,0,44,45,46,47,14,14,14,14,42,6,7,4,0,51,48,49,15,15,15,42,4,5,16,0,49,50,25,16,16,16,42,17,6,4,0,24,51,49,15,15,15,42,4,16,17,0,49,25,24,15,15,15],
    "influencesPerVertex":2,
    "vertices":[-100,4.37114e-06,100,100,4.37114e-06,100,-100,60.2079,100,100,60.2079,100,-93.9881,-4.10835e-06,-93.9881,-93.9881,4.10835e-06,93.9881,93.9881,4.10835e-06,93.9881,93.9881,-4.10835e-06,-93.9881,-93.9881,60.2079,-93.9881,-93.9881,60.2079,93.9881,93.9881,60.2079,93.9881,93.9881,60.2079,-93.9881,-33.1902,4.37114e-06,100,-2.59481,4.37114e-06,100,-33.1902,60.2079,100,-2.59481,60.2079,100,-31.6073,4.10835e-06,93.9881,-2.85135,4.10835e-06,93.9881,-31.6073,60.2079,93.9881,-2.85135,60.2079,93.9881,-33.1902,41.4275,100,-2.59481,41.4275,100,-31.6073,41.622,93.9881,-2.85135,41.622,93.9881],
    "bones":[],
    "skinWeights":[],
    "normals":[0,0,-1,-0,-0,-1,-0,0,-1,1,0,0,-1,-0,0,0,-0,-1,0,-0,1,-0,0,1,0,1,-4.37114e-08,0,0,1,0,0,-1,-0,0,-1,-0.999091,0,0.0426317,0.967045,0,0.254607,0,-0.999477,-0.03234,0,1,-4.37114e-08,0,1,-4.37114e-08]
}