{
    "bones":[],
    "metadata":{
        "bones":0,
        "vertices":96,
        "normals":102,
        "generator":"io_three",
        "type":"Geometry",
        "version":3,
        "faces":104,
        "materials":4,
        "uvs":0
    },
    "materials":[{
        "DbgIndex":0,
        "transparent":false,
        "blending":1,
        "depthWrite":true,
        "DbgName":"trigger_target_white",
        "wireframe":false,
        "doubleSided":false,
        "visible":true,
        "colorDiffuse":[0.8,0.8,0.8],
        "depthTest":true,
        "colorEmissive":[0,0,0],
        "shading":"lambert",
        "opacity":1,
        "DbgColor":15658734
    },{
        "DbgIndex":1,
        "transparent":false,
        "blending":1,
        "depthWrite":true,
        "DbgName":"trigger_target_red",
        "wireframe":false,
        "doubleSided":false,
        "visible":true,
        "colorDiffuse":[0.64,0,0.0429681],
        "depthTest":true,
        "colorEmissive":[0,0,0],
        "shading":"lambert",
        "opacity":1,
        "DbgColor":15597568
    },{
        "DbgIndex":2,
        "transparent":false,
        "blending":1,
        "depthWrite":true,
        "DbgName":"trigger_target_white_hit",
        "wireframe":false,
        "doubleSided":false,
        "visible":true,
        "colorDiffuse":[0.122661,0.122661,0.122661],
        "depthTest":true,
        "colorEmissive":[0,0,0],
        "shading":"lambert",
        "opacity":1,
        "DbgColor":60928
    },{
        "DbgIndex":3,
        "transparent":false,
        "blending":1,
        "depthWrite":true,
        "DbgName":"trigger_target_red_hit",
        "wireframe":false,
        "doubleSided":false,
        "visible":true,
        "colorDiffuse":[0.149328,0,0.0100255],
        "depthTest":true,
        "colorEmissive":[0,0,0],
        "shading":"lambert",
        "opacity":1,
        "DbgColor":238
    }],
    "normals":[2.73524e-14,8.12617e-08,1,4.46939e-07,-1.68299e-08,1,-3.28229e-14,1.62523e-07,1,-4.46939e-07,-1.683e-08,1,-5.66487e-15,-1.68298e-08,1,3.39892e-15,-1.68298e-08,1,2.12122e-08,-6.50243e-09,1,3.26919e-08,4.20148e-08,1,2.61895e-08,-6.3227e-08,1,-2.10757e-08,8.72983e-09,1,2.10757e-08,8.72983e-09,1,-2.61895e-08,-6.3227e-08,1,-3.26919e-08,4.20149e-08,1,-2.12122e-08,-6.50243e-09,1,1.75697e-08,7.27763e-09,1,3.63881e-08,8.78487e-08,1,4.36658e-08,-1.05418e-07,1,-3.51395e-08,1.45553e-08,1,3.51395e-08,1.45552e-08,1,-4.36658e-08,-1.05418e-07,1,-3.63881e-08,8.78487e-08,1,-1.75697e-08,7.27763e-09,1,-8.41492e-08,-2.03154e-07,-1,-6.50094e-07,-6.73194e-08,-1,-6.73194e-08,-3.28229e-14,-1,3.65678e-07,-5.04896e-08,-1,-8.41492e-08,-6.73194e-08,-1,-6.73194e-08,-5.04895e-08,-1,-1.07016e-07,-1.39138e-07,-1,-1.65328e-07,-4.37892e-08,-1,-1.3727e-07,-1.46847e-07,-1,-6.28176e-08,-7.18863e-08,-1,-1.0647e-07,-7.82089e-08,-1,-6.07493e-08,-1.48622e-07,-1,-6.31564e-08,-4.17419e-08,-1,-6.25445e-08,-1.02351e-07,-1,-5.63703e-08,-8.63951e-08,-1,-1.30061e-07,4.90482e-08,-1,-1.19072e-07,-2.07982e-07,-1,-4.20939e-08,-7.23081e-08,-1,-1.1684e-07,-8.32968e-08,-1,-5.41862e-08,-1.87119e-07,-1,-1.87345e-08,7.7601e-09,-1,-8.21381e-08,-9.98694e-08,-1,1.36762e-15,-4.37114e-08,-1,4.46939e-07,6.77827e-09,-1,1.64115e-14,-1.24973e-07,-1,-4.46939e-07,6.77818e-09,-1,1.83317e-14,6.77815e-09,-1,-9.39399e-15,6.77812e-09,-1,-2.16216e-08,8.48783e-09,-1,-3.04645e-08,-4.34384e-08,-1,-2.84169e-08,6.18035e-08,-1,2.14851e-08,-6.74442e-09,-1,-2.14851e-08,-6.74443e-09,-1,2.84169e-08,6.18035e-08,-1,-7.76845e-06,-1.1332e-07,-1,-4.82635e-08,-7.79043e-06,-1,-1.55202e-08,-6.24231e-09,-1,-4.05674e-08,-8.86605e-08,-1,-3.94865e-08,1.04607e-07,-1,3.30899e-08,-1.35199e-08,-1,-3.30899e-08,-1.35199e-08,-1,3.94865e-08,1.04607e-07,-1,2.97354e-06,6.39578e-06,-1,6.49996e-06,2.92673e-06,-1,6.73193e-08,2.06235e-07,1,-3.65678e-07,6.05413e-08,1,6.73193e-08,-3.75503e-08,1,6.90724e-07,6.05413e-08,1,6.73194e-08,6.05412e-08,1,6.73194e-08,6.05412e-08,1,1.0647e-07,1.2192e-07,1,1.52323e-07,4.50763e-08,1,1.35043e-07,1.48271e-07,1,6.3227e-08,6.99009e-08,1,1.06061e-07,7.62236e-08,1,6.29767e-08,1.50045e-07,1,7.85985e-06,-2.67164e-08,1,1.32839e-07,-7.69855e-06,1,6.61799e-08,1.04094e-07,1,1.44616e-07,-4.04763e-08,1,1.23251e-07,2.08793e-07,1,4.00443e-08,7.12727e-08,1,1.18889e-07,8.22614e-08,1,5.00069e-08,1.8793e-07,1,-2.91006e-06,6.47749e-06,1,-6.40435e-06,3.0318e-06,1,-0.382684,0.92388,0,-0.92388,0.382683,0,-0.92388,-0.382683,0,-0.382683,-0.92388,0,0.382683,-0.92388,0,0.92388,-0.382683,0,0.92388,0.382683,0,0.382684,0.923879,0,0.382684,0.92388,0,0.92388,0.382683,0,0.382683,-0.92388,0,-0.382683,-0.92388,0,-0.92388,0.382683,0,-0.382684,0.923879,0],
    "skinIndices":[],
    "animations":[],
    "faces":[34,15,9,8,1,0,0,0,34,8,10,11,1,1,1,1,34,11,12,13,1,2,2,2,34,13,14,15,1,3,3,3,34,15,8,11,1,4,4,4,34,11,13,15,1,5,5,5,35,0,1,16,17,1,6,6,6,6,35,18,16,1,2,1,7,7,7,7,35,19,18,2,3,1,8,8,8,8,35,20,19,3,4,1,9,9,9,9,35,21,20,4,5,1,10,10,10,10,35,22,21,5,6,1,11,11,11,11,35,23,22,6,7,1,12,12,12,12,35,7,0,17,23,1,13,13,13,13,35,8,9,17,16,0,14,14,14,14,35,10,8,16,18,0,15,15,15,15,35,11,10,18,19,0,16,16,16,16,35,12,11,19,20,0,17,17,17,17,35,13,12,20,21,0,18,18,18,18,35,14,13,21,22,0,19,19,19,19,35,15,14,22,23,0,20,20,20,20,35,9,15,23,17,0,21,21,21,21,34,39,33,32,3,22,22,22,34,32,34,35,3,23,23,23,34,35,36,37,3,24,24,24,34,37,38,39,3,25,25,25,34,39,32,35,3,26,26,26,34,35,37,39,3,27,27,27,35,40,41,24,25,3,28,28,28,28,35,42,40,25,26,3,29,29,29,29,35,43,42,26,27,3,30,30,30,30,35,44,43,27,28,3,31,31,31,31,35,45,44,28,29,3,32,32,32,32,35,46,45,29,30,3,33,33,33,33,35,47,46,30,31,3,34,34,34,34,35,41,47,31,24,3,35,35,35,35,35,32,33,41,40,2,36,36,36,36,35,34,32,40,42,2,37,37,37,37,35,35,34,42,43,2,38,38,38,38,35,36,35,43,44,2,39,39,39,39,35,37,36,44,45,2,40,40,40,40,35,38,37,45,46,2,41,41,41,41,35,39,38,46,47,2,42,42,42,42,35,33,39,47,41,2,43,43,43,43,34,56,57,63,1,44,44,44,34,63,62,61,1,45,45,45,34,61,60,59,1,46,46,46,34,59,58,56,1,47,47,47,34,56,63,61,1,48,48,48,34,61,59,56,1,49,49,49,35,64,49,48,65,1,50,50,50,50,35,66,50,49,64,1,51,51,51,51,35,67,51,50,66,1,52,52,52,52,35,68,52,51,67,1,53,53,53,53,35,69,53,52,68,1,54,54,54,54,35,70,54,53,69,1,55,55,55,55,35,71,55,54,70,1,56,56,56,56,35,65,48,55,71,1,57,57,57,57,35,56,64,65,57,0,58,58,58,58,35,58,66,64,56,0,59,59,59,59,35,59,67,66,58,0,60,60,60,60,35,60,68,67,59,0,61,61,61,61,35,61,69,68,60,0,62,62,62,62,35,62,70,69,61,0,63,63,63,63,35,63,71,70,62,0,64,64,64,64,35,57,65,71,63,0,65,65,65,65,34,80,81,87,3,66,66,66,34,87,86,85,3,67,67,67,34,85,84,83,3,68,68,68,34,83,82,80,3,69,69,69,34,80,87,85,3,70,70,70,34,85,83,80,3,71,71,71,35,88,73,72,89,3,72,72,72,72,35,90,74,73,88,3,73,73,73,73,35,91,75,74,90,3,74,74,74,74,35,92,76,75,91,3,75,75,75,75,35,93,77,76,92,3,76,76,76,76,35,94,78,77,93,3,77,77,77,77,35,95,79,78,94,3,78,78,78,78,35,89,72,79,95,3,79,79,79,79,35,80,88,89,81,2,80,80,80,80,35,82,90,88,80,2,81,81,81,81,35,83,91,90,82,2,82,82,82,82,35,84,92,91,83,2,83,83,83,83,35,85,93,92,84,2,84,84,84,84,35,86,94,93,85,2,85,85,85,85,35,87,95,94,86,2,86,86,86,86,35,81,89,95,87,2,87,87,87,87,35,1,0,48,49,1,88,88,88,88,35,2,1,49,50,1,89,89,89,89,35,3,2,50,51,1,90,90,90,90,35,4,3,51,52,1,91,91,91,91,35,5,4,52,53,1,92,92,92,92,35,6,5,53,54,1,93,93,93,93,35,7,6,54,55,1,94,94,94,94,35,0,7,55,48,1,95,95,95,95,35,25,24,72,73,3,96,96,96,96,35,26,25,73,74,3,97,97,97,97,35,27,26,74,75,3,93,93,93,93,35,28,27,75,76,3,98,98,98,98,35,29,28,76,77,3,99,99,99,99,35,30,29,77,78,3,90,90,90,90,35,31,30,78,79,3,100,100,100,100,35,24,31,79,72,3,101,101,101,101],