{
    "bones":[],
    "metadata":{
        "bones":0,
        "vertices":96,
        "normals":77,
        "generator":"io_three",
        "type":"Geometry",
        "version":3,
        "faces":101,
        "materials":2,
        "uvs":0
    },
    "materials":[{
        "DbgIndex":0,
        "transparent":false,
        "blending":1,
        "depthWrite":true,
        "DbgName":"turret grey",
        "wireframe":false,
        "doubleSided":false,
        "visible":true,
        "colorDiffuse":[0.212796,0.244311,0.261327],
        "depthTest":true,
        "colorEmissive":[0,0,0],
        "shading":"lambert",
        "opacity":1,
        "DbgColor":15658734
    },{
        "DbgIndex":1,
        "transparent":false,
        "specularCoef":50,
        "blending":1,
        "depthWrite":true,
        "DbgName":"turret red",
        "wireframe":false,
        "doubleSided":false,
        "visible":true,
        "colorSpecular":[0.321168,0.321168,0.321168],
        "colorDiffuse":[0.640913,0.8,0],
        "depthTest":true,
        "colorEmissive":[0,0,0],
        "shading":"phong",
        "opacity":1,
        "DbgColor":15597568
    }],
    "normals":[0.984671,0.174423,4.78406e-08,-0.857493,-0.514496,0,-4.85111e-08,-1.232e-07,-1,0,0.514496,0.857493,0.857493,-0.514496,0,-1,-0,0,0,-2.38419e-07,-1,1,0,0,0,2.38419e-07,1,0,-0,-1,0,0,1,0,1,-0,-0.984671,0.174423,-4.78406e-08,-4.78406e-08,0.174423,-0.984671,4.78406e-08,0.174423,0.984671,0.382684,-5.67044e-08,-0.923879,0.923879,-2.26818e-08,-0.382684,0.92388,2.26818e-08,0.382684,0.382683,5.67044e-08,0.92388,-0.382684,5.67044e-08,0.92388,-0.92388,1.70113e-08,0.382683,0,1,0,0,1,0,-0,1,0,-0.92388,-1.70113e-08,-0.382683,-0.382684,-5.67044e-08,-0.92388,8.53887e-09,0.174423,0.984671,4.81486e-08,0.174423,0.984671,-8.53887e-09,0.174423,-0.984671,-4.81486e-08,0.174423,-0.984671,-0.984671,0.174423,-8.53887e-09,-0.984671,0.174423,-4.81486e-08,0.984671,0.174423,8.53887e-09,0.984671,0.174423,4.81486e-08,-0.514496,0.857493,0,0,0.857493,0.514496,0.514496,0.857493,0,0,0.857493,-0.514496,-0.514496,0.857493,-4.32503e-08,-0.514496,0.857493,7.19317e-08,-0.514496,0.857493,-1.43863e-07,0,0.857493,0.514496,1.43863e-07,0.857493,0.514496,-1.43863e-07,0.857493,0.514496,0.514496,0.857493,-4.32503e-08,0.514496,0.857493,-1.43863e-07,0.514496,0.857493,7.19317e-08,0,0.857493,-0.514496,-7.19317e-08,0.857493,-0.514496,7.19317e-08,0.857493,-0.514496,-0.514496,0.857493,0,0,0.857493,0.514495,0.514496,0.857493,0,4.85111e-08,1.232e-07,1,-4.85111e-08,1.232e-07,1,0,-0.514497,-0.857492,4.85111e-08,-1.232e-07,-1,0,-0.514496,0.857493,0.857493,0.514495,0,1,0,-0,1,0,0,0,0.514494,-0.857494,-1,-0,-0,-0.857493,0.514495,0,-1,-0,-0,0,0,-1,0,1,-4.76837e-08,-0.707107,0,0.707107,0.707107,0,-0.707107,1,-0,0,-1,0,0,-0.707107,0,-0.707107,0.707107,0,0.707107,0,-0,1,-7.57912e-15,-1,4.37114e-08,0,-1,4.37114e-08,0,-1,4.37114e-08],
    "skinIndices":[],
    "animations":[],
    "faces":[35,46,45,27,26,0,0,0,0,0,35,16,17,77,76,1,1,1,1,1,35,21,60,73,81,1,2,2,2,2,35,12,15,74,75,1,3,3,3,3,35,20,21,81,80,1,4,4,4,4,35,5,4,61,52,0,5,5,5,5,35,9,3,84,65,0,6,6,6,6,35,7,1,85,63,0,7,7,7,7,35,3,11,66,84,0,7,7,7,7,35,4,0,86,61,0,8,8,8,8,35,1,8,64,85,0,8,8,8,8,35,0,6,62,86,0,5,5,5,5,35,2,5,52,87,0,6,6,6,6,35,11,10,67,66,0,9,9,9,9,35,8,9,65,64,0,7,7,7,7,35,6,7,63,62,0,10,10,10,10,35,10,2,87,67,0,5,5,5,5,35,25,26,27,24,0,11,11,11,11,35,50,49,25,24,0,12,12,12,12,35,45,50,24,27,0,13,13,13,13,35,49,46,26,25,0,14,14,14,14,35,28,29,31,30,0,15,15,15,15,35,30,31,33,32,0,16,16,16,16,35,32,33,35,34,0,17,17,17,17,35,34,35,37,36,0,18,18,18,18,35,36,37,39,38,0,19,19,19,19,35,38,39,41,40,0,20,20,20,20,34,33,31,29,0,21,21,21,34,29,43,41,0,22,22,22,34,41,39,37,0,21,21,21,34,37,35,33,0,22,22,22,34,33,29,41,0,23,23,23,34,41,37,33,0,22,22,22,35,40,41,43,42,0,24,24,24,24,35,42,43,29,28,0,25,25,25,25,35,55,57,47,48,0,26,26,26,26,35,48,47,46,49,1,27,27,27,27,35,59,53,51,44,0,28,28,28,28,35,44,51,50,45,1,29,29,29,29,35,53,55,48,51,0,30,30,30,30,35,51,48,49,50,1,31,31,31,31,35,57,59,44,47,0,32,32,32,32,35,47,44,45,46,1,33,33,33,33,35,54,56,55,53,0,34,34,34,34,35,13,58,57,55,0,35,35,35,35,35,14,60,59,57,0,36,36,36,36,35,15,12,53,59,0,37,37,37,37,35,17,16,52,61,0,38,38,38,38,35,56,17,61,55,0,39,39,39,39,35,16,54,53,52,0,40,40,40,40,35,19,18,62,63,0,41,41,41,41,35,58,19,63,57,0,42,42,42,42,35,18,13,55,62,0,43,43,43,43,35,21,20,64,65,0,44,44,44,44,35,60,21,65,59,0,45,45,45,45,35,20,14,57,64,0,46,46,46,46,35,23,22,66,67,0,47,47,47,47,35,12,23,67,53,0,48,48,48,48,35,22,15,59,66,0,49,49,49,49,35,69,68,76,77,1,50,50,50,50,35,71,70,78,79,1,51,51,51,51,35,73,72,80,81,1,52,52,52,52,35,75,74,82,83,1,47,47,47,47,35,14,20,80,72,1,53,53,53,53,35,17,56,69,77,1,54,54,54,54,35,22,23,83,82,1,55,55,55,55,35,54,16,76,68,1,56,56,56,56,35,23,12,75,83,1,5,5,5,5,35,18,19,79,78,1,57,57,57,57,35,56,54,68,69,1,58,58,58,58,35,15,22,82,74,1,59,59,59,59,35,19,58,71,79,1,60,60,60,60,35,58,13,70,71,1,61,61,61,61,35,13,18,78,70,1,62,62,62,62,35,60,14,72,73,1,63,63,63,63,34,61,86,55,0,10,10,10,34,86,62,55,0,64,64,64,34,63,85,57,0,59,59,59,34,85,64,57,0,10,10,10,34,65,84,59,0,65,65,65,34,84,66,59,0,59,59,59,34,67,87,53,0,64,64,64,34,87,52,53,0,9,9,9,34,1,7,8,0,22,22,22,34,3,9,11,0,66,66,66,34,2,10,5,0,66,66,66,34,0,4,6,0,23,23,23,35,6,4,88,90,0,67,67,67,67,35,11,9,93,95,0,68,68,68,68,35,9,8,92,93,0,69,69,69,69,35,4,5,89,88,0,70,70,70,70,35,10,11,95,94,0,65,65,65,65,35,5,10,94,89,0,71,71,71,71,35,8,7,91,92,0,72,72,72,72,35,7,6,90,91,0,73,73,73,73,34,88,89,94,0,74,74,74,34,94,95,93,0,75,75,75,34,93,92,91,0,74,74,74,34,91,90,88,0,75,75,75,34,88,94,93,0,76,76,76,34,93,91,88,0,76,76,76],
    "vertices":[-1.5,1,1.5,1.5,1,1.5,-1.5,1,-1.5,1.5,1,-1.5,-4,1,1.5,-4,1,-1.5,-1.5,1,4,1.5,1,4,4,1,1.5,4,1,-1.5,-1.5,1,-4,1.5,1,-4,-0.726179,2.60187,-2.16355,-0.726179,2.60187,2.16355,2.16355,2.60187,0.726179,0.726179,2.60187,-2.16355,-3.33645,1.89813,-0.726179,-3.33645,1.89813,0.726179,-0.726179,1.89813,3.33645,0.726179,1.89813,3.33645,3.33645,1.89813,0.726179,3.33645,1.89813,-0.726179,0.726179,1.89813,-3.33645,-0.726179,1.89813,-3.33645,-1.01756,5.72351,-1.01756,-1.01756,5.72351,1.01756,1.01756,5.72351,1.01756,1.01756,5.72351,-1.01756,-1.36069e-06,5.72351,-0.875582,-1.36069e-06,7.6842,-0.875583,0.619128,5.72351,-0.61913,0.619128,7.6842,-0.61913,0.87558,5.72351,-6.06845e-07,0.87558,7.6842,-6.9255e-07,0.619128,5.72351,0.619129,0.619128,7.6842,0.619129,-1.43723e-06,5.72351,0.875581,-1.43723e-06,7.6842,0.875581,-0.619131,5.72351,0.619129,-0.619131,7.6842,0.619129,-0.875583,5.72351,-6.55559e-07,-0.875583,7.6842,-7.41264e-07,-0.619131,5.72351,-0.61913,-0.619131,7.6842,-0.61913,1.33919,3.90784,-1.33919,1.17837,4.81568,-1.17838,1.17837,4.81568,1.17837,1.33919,3.90784,1.33919,-1.33919,3.90784,1.33919,-1.17837,4.81568,1.17837,-1.17837,4.81568,-1.17837,-1.33919,3.90784,-1.33919,-4,1.5,-1.5,-1.5,3,-1.5,-2.16355,2.60187,-0.726179,-1.5,3,1.5,-2.16355,2.60187,0.726179,1.5,3,1.5,0.726179,2.60187,2.16355,1.5,3,-1.5,2.16355,2.60187,-0.726179,-4,1.5,1.5,-1.5,1.5,4,1.5,1.5,4,4,1.5,1.5,4,1.5,-1.5,1.5,1.5,-4,-1.5,1.5,-4,-2.28095,2.79755,-0.726179,-2.28095,2.79755,0.726179,-0.726179,2.79755,2.28095,0.726179,2.79755,2.28095,2.28095,2.79755,0.726179,2.28095,2.79755,-0.726179,0.726179,2.79755,-2.28095,-0.726179,2.79755,-2.28095,-3.45386,2.0938,-0.726179,-3.45386,2.0938,0.726179,-0.726179,2.0938,3.45386,0.726179,2.0938,3.45386,3.45386,2.0938,0.726179,3.45386,2.0938,-0.726179,0.726179,2.0938,-3.45386,-0.726179,2.0938,-3.45386,1.5,1.5,-1.5,1.5,1.5,1.5,-1.5,1.5,1.5,-1.5,1.5,-1.5,-4,6.55671e-08,1.5,-4,-6.55671e-08,-1.5,-1.5,1.74846e-07,4,1.5,1.74846e-07,4,4,6.55671e-08,1.5,4,-6.55671e-08,-1.5,-1.5,-1.74846e-07,-4,1.5,-1.74846e-07,-4],
    "uvs":[],
    "influencesPerVertex":2,
    "skinWeights":[]
}