{
    "skinWeights":[],
    "materials":[{
        "mapDiffuseWrap":["repeat","repeat"],
        "colorEmissive":[0,0,0],
        "visible":true,
        "DbgIndex":0,
        "mapDiffuse":"level_1_lower_ground.png",
        "DbgName":"level_1_lower_ground",
        "wireframe":false,
        "blending":1,
        "depthWrite":true,
        "mapDiffuseAnisotropy":1,
        "depthTest":true,
        "mapDiffuseRepeat":[1,1],
        "opacity":1,
        "transparent":false,
        "DbgColor":15658734,
        "colorDiffuse":[0.8,0.8,0.8],
        "shading":"lambert",
        "doubleSided":false
    },{
        "mapDiffuseWrap":["repeat","repeat"],
        "colorEmissive":[0,0,0],
        "visible":true,
        "DbgIndex":1,
        "mapDiffuse":"level_1_lower_ground.png",
        "DbgName":"level_1_lower_ground_dark",
        "wireframe":false,
        "blending":1,
        "depthWrite":true,
        "mapDiffuseAnisotropy":1,
        "depthTest":true,
        "mapDiffuseRepeat":[1,1],
        "opacity":1,
        "transparent":false,
        "DbgColor":15597568,
        "colorDiffuse":[0.68265,0.68265,0.68265],
        "shading":"lambert",
        "doubleSided":false
    }],
    "skinIndices":[],
    "influencesPerVertex":2,
    "uvs":[[0.628061,0.2505,0.628061,0.000832226,0.30989,0.000832264,0.30989,0.2505,0.415947,0.2505,0.522004,0.2505,0.407827,0.632846,0.30989,0.632846,0.30989,0.716069,0.407827,0.716069,0.728121,0.381514,0.630184,0.381514,0.630184,0.631182,0.728121,0.631182,0.51001,0.501832,0.607948,0.501832,0.607948,0.252165,0.51001,0.252165,0.507887,0.252165,0.40995,0.252165,0.40995,0.501832,0.507887,0.501832,0.728121,0.632846,0.630184,0.632846,0.630184,0.716069,0.728121,0.716069,0.00658975,0.999168,0.10212,0.999168,0.10212,0.91601,0.00658975,0.91601,0.928242,0.586857,0.928242,0.444321,0.830304,0.444322,0.830304,0.586857,0.51001,0.503497,0.51001,0.578401,0.607948,0.578401,0.607948,0.503497,0.40995,0.786465,0.505481,0.786465,0.505481,0.709674,0.40995,0.709674,0.828181,0.000832226,0.730244,0.000832226,0.730244,0.0840548,0.828181,0.0840548,0.51001,0.660406,0.607948,0.660406,0.206708,0.999168,0.206708,0.91601,0.206708,0.773586,0.206708,0.394864,0.10212,0.394864,0.10212,0.773586,0.730244,0.22659,0.828181,0.22659,0.918694,0.442657,0.918694,0.255647,0.830304,0.222577,0.830304,0.409586,0.0010614,0.394864,0.00106146,0.773586,0.30989,0.252165,0.30989,0.631182,0.407827,0.631182,0.407827,0.252165,0.728121,0.379849,0.728121,0.000832226,0.630184,0.000832251,0.630184,0.379849,0.730244,0.676341,0.730244,0.75558,0.828181,0.75558,0.828181,0.676341,0.928242,0.66776,0.928242,0.588521,0.830304,0.588521,0.830304,0.66776,0.307767,0.773586,0.307767,0.394864,0.607948,0.741309,0.607948,0.662071,0.51001,0.662071,0.51001,0.741309,0.830304,0.669424,0.830304,0.748663,0.928242,0.748663,0.928242,0.669424,0.920817,0.156079,0.998939,0.156079,0.998939,0.0792879,0.920817,0.0792879,0.206708,0.223038,0.10212,0.223038,0.830304,0.0339028,0.830304,0.220912,0.918694,0.187842,0.918694,0.000832226,0.40995,0.564751,0.40995,0.646756,0.507887,0.646756,0.507887,0.56475,0.206708,0.000832327,0.10212,0.000832327,0.730244,0.452298,0.730244,0.674676,0.828181,0.674676,0.828181,0.452298,0.730244,0.228254,0.730244,0.450633,0.828181,0.450633,0.828181,0.228254,0.023999,0.000832327,0.023999,0.223038,0.998939,0.000832226,0.920817,0.000832226,0.920817,0.0776235,0.998939,0.0776235,0.40995,0.70801,0.507887,0.70801,0.284829,0.223038,0.284829,0.000832226,0.507887,0.503497,0.40995,0.503497]],
    "faces":[42,9,3,2,0,5,0,1,0,0,0,42,2,0,1,0,1,2,3,1,1,1,42,8,9,2,0,4,5,1,2,2,2,42,2,1,8,0,1,3,4,3,3,3,43,9,11,7,3,1,6,7,8,9,4,4,4,4,43,0,4,5,1,1,10,11,12,13,5,5,5,5,43,3,7,6,2,1,14,15,16,17,6,6,6,6,43,4,0,2,6,1,20,21,18,19,7,7,7,7,43,1,5,10,8,1,22,23,24,25,4,4,4,4,43,8,12,13,9,0,26,27,28,29,8,8,8,8,43,13,20,21,15,1,30,31,32,33,9,9,9,9,43,10,14,12,8,1,34,35,36,37,10,10,10,10,43,9,13,15,11,1,38,39,40,41,11,11,11,11,43,16,18,19,17,1,42,43,44,45,4,4,4,4,43,14,18,16,12,1,35,46,47,36,10,10,10,10,43,12,16,17,13,0,27,48,49,28,12,12,12,12,43,22,26,24,20,0,50,51,52,53,13,13,13,13,43,17,22,20,13,0,49,50,53,28,14,14,14,14,43,19,23,22,17,1,44,54,55,45,15,15,15,15,43,24,36,37,25,1,56,57,58,59,9,9,9,9,43,24,32,28,20,0,52,60,61,53,16,16,16,16,43,31,35,34,30,1,62,63,64,65,15,15,15,15,43,28,32,33,29,1,66,67,68,69,9,9,9,9,43,23,31,30,22,1,70,71,72,73,10,10,10,10,43,25,33,32,24,1,74,75,76,77,17,17,17,17,43,22,30,34,26,0,50,78,79,51,16,16,16,16,43,20,28,29,21,1,80,81,82,83,18,18,18,18,43,26,34,35,27,1,84,85,86,87,11,11,11,11,43,36,46,47,37,1,88,89,90,91,18,18,18,18,43,26,38,36,24,0,51,92,93,52,19,19,19,19,43,27,39,38,26,1,94,95,96,97,15,15,15,15,43,40,42,43,41,1,98,99,100,101,11,11,11,11,43,38,42,40,36,0,92,102,103,93,20,20,20,20,43,46,44,45,47,1,104,105,106,107,9,9,9,9,43,49,51,50,48,1,108,109,110,111,15,15,15,15,43,40,44,46,36,0,103,112,113,93,21,21,21,21,43,39,49,48,38,1,114,115,116,117,10,10,10,10,43,42,50,51,43,1,99,118,119,100,11,11,11,11,43,38,48,50,42,0,92,120,121,102,21,21,21,21,43,41,45,44,40,1,101,122,123,98,17,17,17,17],
    "normals":[0,1,-3.8147e-08,0,1,-4.13259e-08,3.17892e-09,1,-4.76837e-08,-3.17891e-09,1,-3.8147e-08,1,0,0,-0,0,1,-0,0,-1,-1,0,-0,0,1,-4.76837e-08,-1,-0,0,0,-0,1,0,-0,-1,0,1,-4.76837e-08,0,1,-4.18806e-08,0,1,-4.45461e-08,1,-0,0,0,1,-4.18806e-08,0,0,-1,0,0,1,0,0.902516,-0.430656,0,1,-5.71042e-08,0,1,-5.71042e-08],
    "animations":[],
    "metadata":{
        "type":"Geometry",
        "uvs":1,
        "faces":40,
        "generator":"io_three",
        "version":3,
        "normals":22,
        "materials":2,
        "vertices":52,
        "bones":0
    },
    "vertices":[75,4.91531,-321.63,-75,4.91531,-321.63,75,4.91531,-171.63,-75,4.91531,-171.63,75,51.0514,-321.63,-75,51.0514,-321.63,75,51.0514,-171.63,-75,51.0514,-171.63,-75,4.91531,-271.63,-75,4.91531,-221.63,-75,51.0514,-271.63,-75,51.0514,-221.63,-120.002,4.91531,-271.63,-120.002,4.91531,-221.63,-120.002,51.0514,-271.63,-120.002,51.0514,-221.63,-169.271,4.91531,-271.63,-169.271,4.91531,-221.63,-169.271,51.0514,-271.63,-169.271,51.0514,-221.63,-120.002,4.91531,-135.995,-120.002,51.0514,-135.995,-169.271,4.91531,-135.995,-169.271,51.0514,-135.995,-120.002,4.91532,91.7178,-120.002,51.0514,91.7178,-169.271,4.91532,91.7178,-169.271,51.0514,91.7178,-72.3958,4.91531,-135.995,-72.3958,51.0514,-135.995,-216.877,4.91531,-135.995,-216.877,51.0514,-135.995,-72.3958,4.91532,91.7178,-72.3958,51.0514,91.7178,-216.877,4.91532,91.7178,-216.877,51.0514,91.7178,-120.002,53.3017,193.12,-120.002,99.4378,193.12,-169.271,53.3017,193.12,-169.271,99.4378,193.12,-120.002,53.3017,326.725,-120.002,99.4378,326.725,-169.271,53.3017,326.725,-169.271,99.4378,326.725,-83.2012,53.3017,326.725,-83.2012,99.4378,326.725,-83.2012,53.3017,193.12,-83.2012,99.4378,193.12,-206.072,53.3017,193.12,-206.072,99.4378,193.12,-206.072,53.3017,326.725,-206.072,99.4378,326.725],
    "bones":[]
}