{
    "uvs":[[0.348005,0.00231847,0.701952,0.00231854,0.701952,0.350089,0.348005,0.350089,0.348005,0.234165,0.348005,0.118242,0.684038,0.823056,0.575173,0.823056,0.575173,0.707132,0.684038,0.707132,0.575173,0.354726,0.684038,0.354725,0.684038,0.702496,0.575173,0.702496,0.461589,0.354726,0.570454,0.354725,0.570454,0.702496,0.461589,0.702496,0.815536,0.88267,0.706671,0.88267,0.706671,0.5349,0.815536,0.5349,0.684038,0.943616,0.575173,0.943616,0.575173,0.827693,0.684038,0.827693,0.337141,0.941099,0.230951,0.941099,0.230951,0.825175,0.337141,0.825175,0.570454,0.707132,0.570454,0.905674,0.461589,0.905674,0.461589,0.707132,0.820255,0.879597,0.820255,0.775261,0.92912,0.775261,0.92912,0.879597,0.812861,0.994272,0.706671,0.994272,0.706671,0.887307,0.812861,0.887307,0.92912,0.656396,0.820255,0.656396,0.820255,0.540473,0.92912,0.540473,0.820255,0.686803,0.820255,0.661033,0.92912,0.661033,0.92912,0.686803,0.140922,0.941099,0.114694,0.941099,0.114694,0.825175,0.140922,0.825175,0.204723,0.626634,0.204723,0.0986889,0.230951,0.0986889,0.230951,0.626634,0.204723,0.825175,0.820255,0.341931,0.92912,0.341931,0.343285,0.0986888,0.343286,0.626634,0.348005,0.88267,0.348005,0.354725,0.45687,0.354725,0.45687,0.88267,0.815536,0.00231847,0.815536,0.530263,0.706671,0.530263,0.706671,0.00231847,0.45687,0.887307,0.45687,0.997682,0.348005,0.997682,0.348005,0.887307,0.820255,0.112693,0.820255,0.0023185,0.92912,0.00231847,0.92912,0.112693,0.895649,0.112693,0.114694,0.626634,0.00235972,0.626634,0.00235965,0.0986889,0.114694,0.0986889,0.820255,0.994609,0.820255,0.884234,0.92912,0.884234,0.92912,0.994609,0.92912,0.22692,0.92912,0.337295,0.820255,0.337295,0.820255,0.22692,0.895649,0.22692,0.895649,0.20115,0.92912,0.20115,0.820255,0.20115,0.895649,0.138463,0.820255,0.138463,0.92912,0.138463,0.140922,0.0986889,0.140922,0.00231847,0.204723,0.00231847,0.140922,0.626634,0.204723,0.941099,0.820255,0.749491,0.92912,0.749491,0.933839,0.103326,0.96731,0.103326,0.96731,0.199696,0.933839,0.199696,0.96731,0.300704,0.933839,0.300704,0.933839,0.204333,0.96731,0.204333,0.933839,0.00231847,0.99764,0.00231847,0.99764,0.0986888,0.933839,0.0986888,0.933839,0.341931,0.96731,0.341931,0.96731,0.404619,0.933839,0.404619]],
    "materials":[{
        "mapDiffuseAnisotropy":1,
        "shading":"lambert",
        "blending":1,
        "colorDiffuse":[0.8,0.8,0.8],
        "mapDiffuse":"level_1_lower_ground.png",
        "depthWrite":true,
        "transparent":false,
        "DbgIndex":0,
        "depthTest":true,
        "opacity":1,
        "visible":true,
        "doubleSided":false,
        "DbgColor":15658734,
        "DbgName":"level_1_lower_ground",
        "mapDiffuseWrap":["repeat","repeat"],
        "colorEmissive":[0,0,0],
        "wireframe":false,
        "mapDiffuseRepeat":[1,1]
    },{
        "mapDiffuseAnisotropy":1,
        "shading":"lambert",
        "blending":1,
        "colorDiffuse":[0.68265,0.68265,0.68265],
        "mapDiffuse":"level_1_lower_ground.png",
        "depthWrite":true,
        "transparent":false,
        "DbgIndex":1,
        "depthTest":true,
        "opacity":1,
        "visible":true,
        "doubleSided":false,
        "DbgColor":15597568,
        "DbgName":"level_1_lower_ground_dark",
        "mapDiffuseWrap":["repeat","repeat"],
        "colorEmissive":[0,0,0],
        "wireframe":false,
        "mapDiffuseRepeat":[1,1]
    },{
        "mapDiffuseAnisotropy":1,
        "shading":"lambert",
        "blending":1,
        "colorDiffuse":[0.191973,0.191973,0.191973],
        "mapDiffuse":"level_1_terrain.png",
        "depthWrite":true,
        "transparent":false,
        "DbgIndex":2,
        "depthTest":true,
        "opacity":1,
        "visible":true,
        "doubleSided":false,
        "DbgColor":60928,
        "DbgName":"level_1_end",
        "mapDiffuseWrap":["repeat","repeat"],
        "colorEmissive":[0,0,0],
        "wireframe":false,
        "mapDiffuseRepeat":[1,1]
    }],
    "bones":[],
    "animations":[],
    "normals":[0,1,-3.8147e-08,0,1,-4.13259e-08,3.17892e-09,1,-4.76837e-08,-3.17891e-09,1,-3.8147e-08,1,0,0,-0,0,1,-0,0,-1,-1,0,-0,0,1,-4.76837e-08,-1,-0,0,0,-0,1,0,-0,-1,-8.57996e-08,1,-4.76837e-08,8.57996e-08,1,-4.18806e-08,8.57996e-08,1,-4.45461e-08,1,-0,0,0,1,-4.18806e-08,-0,-0,-1,0,0,-1,0,0,1,-6.86396e-07,0,-1,-6.86396e-07,0,-1,6.86397e-07,0,-1,6.86397e-07,0,-1,0,1,-4.58867e-08,-8.57995e-08,1,-4.45461e-08,0,1,-4.45461e-08,-8.57995e-08,1,-4.18806e-08,0,1,-4.18806e-08,8.57996e-08,1,-4.76837e-08,0,1,-4.76837e-08,-1,0,-0,0,-1,4.58867e-08],
    "vertices":[75,4.91531,-321.63,-75,4.91531,-321.63,75,4.91531,-171.63,-75,4.91531,-171.63,75,51.0514,-321.63,-75,51.0514,-321.63,75,51.0514,-171.63,-75,51.0514,-171.63,-75,4.91531,-271.63,-75,4.91531,-221.63,-75,51.0514,-271.63,-75,51.0514,-221.63,-120.002,4.91531,-271.63,-120.002,4.91531,-221.63,-120.002,51.0514,-271.63,-120.002,51.0514,-221.63,-169.271,4.91531,-271.63,-169.271,4.91531,-221.63,-169.271,51.0514,-271.63,-169.271,51.0514,-221.63,-120.002,4.91531,-135.995,-120.002,51.0514,-135.995,-169.271,4.91531,-135.995,-169.271,51.0514,-135.995,-120.002,4.91532,91.7178,-120.002,51.0514,91.7178,-169.271,4.91532,91.7178,-169.271,51.0514,91.7178,-72.3958,4.91531,-135.995,-72.3958,51.0514,-135.995,-216.877,4.91531,-135.995,-216.877,51.0514,-135.995,-72.3958,4.91532,91.7178,-72.3958,51.0514,91.7178,-216.877,4.91532,91.7178,-216.877,51.0514,91.7178,-120.002,19.1,91.7178,-169.271,19.1,91.7178,-158.156,4.91531,-221.63,-131.117,4.91531,-221.63,-131.117,51.0514,-271.63,-158.156,51.0514,-271.63,-131.117,4.91531,-271.63,-158.156,4.91531,-271.63,-158.156,4.91532,-135.995,-131.117,4.91532,-135.995,-158.156,4.91533,91.7178,-131.117,4.91533,91.7178,-131.117,51.0514,91.7178,-158.156,51.0514,91.7178,-131.117,19.1,91.7178,-158.156,19.1,91.7178,-158.156,4.91533,133.284,-131.117,4.91533,133.284,-131.117,19.1,133.284,-158.156,19.1,133.284],
    "skinWeights":[],
    "faces":[42,9,3,2,0,5,0,1,0,0,0,42,2,0,1,0,1,2,3,1,1,1,42,8,9,2,0,4,5,1,2,2,2,42,2,1,8,0,1,3,4,3,3,3,43,9,11,7,3,1,6,7,8,9,4,4,4,4,43,0,4,5,1,1,10,11,12,13,5,5,5,5,43,3,7,6,2,1,14,15,16,17,6,6,6,6,43,4,0,2,6,1,20,21,18,19,7,7,7,7,43,1,5,10,8,1,22,23,24,25,4,4,4,4,43,8,12,13,9,0,26,27,28,29,8,8,8,8,43,13,20,21,15,1,30,31,32,33,9,9,9,9,43,10,14,12,8,1,34,35,36,37,10,10,10,10,43,9,13,15,11,1,38,39,40,41,11,11,11,11,43,16,18,19,17,1,42,43,44,45,4,4,4,4,43,41,18,16,43,1,46,47,48,49,10,10,10,10,43,43,16,17,38,0,50,51,52,53,12,12,12,12,43,45,47,24,20,0,54,55,56,57,13,13,13,13,43,39,45,20,13,0,58,54,57,28,14,14,14,14,43,19,23,22,17,1,44,59,60,45,15,15,15,15,43,24,32,28,20,0,56,61,62,57,16,16,16,16,43,31,35,34,30,1,63,64,65,66,15,15,15,15,43,28,32,33,29,1,67,68,69,70,9,9,9,9,43,23,31,30,22,1,71,72,73,74,10,10,10,10,42,36,25,33,1,79,75,76,17,17,17,42,33,32,24,1,76,77,78,18,18,18,42,33,24,36,1,76,78,79,18,18,18,43,22,30,34,26,0,80,81,82,83,16,16,16,16,43,20,28,29,21,1,84,85,86,87,19,19,19,19,42,37,26,34,1,92,88,89,18,18,18,42,34,35,27,1,89,90,91,17,17,17,42,34,27,37,1,89,91,92,6,6,6,43,51,46,26,37,1,93,94,88,92,20,20,20,20,43,49,51,37,27,1,95,93,92,91,21,21,21,21,43,25,36,50,48,1,75,79,96,97,22,22,22,22,43,48,50,51,49,1,97,96,93,95,18,18,18,18,43,36,24,47,50,1,79,78,98,96,23,23,23,23,43,47,46,52,53,2,55,99,100,101,24,24,24,24,43,17,22,44,38,0,52,80,102,53,25,25,25,25,43,38,44,45,39,0,53,102,54,58,26,26,26,26,43,22,26,46,44,0,80,83,99,102,27,27,27,27,43,44,46,47,45,0,102,99,55,54,28,28,28,28,43,12,42,39,13,0,27,103,58,28,29,29,29,29,43,42,43,38,39,0,103,50,53,58,30,30,30,30,43,14,40,42,12,1,35,104,105,36,10,10,10,10,43,40,41,43,42,1,104,46,49,105,10,10,10,10,43,50,47,53,54,2,106,107,108,109,31,31,31,31,43,46,51,55,52,2,110,111,112,113,4,4,4,4,43,51,50,54,55,2,114,115,116,117,32,32,32,32,43,52,55,54,53,2,118,119,120,121,6,6,6,6],
    "influencesPerVertex":2,
    "metadata":{
        "uvs":1,
        "materials":3,
        "bones":0,
        "generator":"io_three",
        "type":"Geometry",
        "normals":33,
        "vertices":56,
        "faces":49,
        "version":3
    },