{
    "skinWeights":[],
    "faces":[35,5,4,6,7,0,0,0,0,0,35,2,1,4,5,0,1,1,1,1,35,0,2,5,7,0,2,2,2,2,35,0,7,6,3,0,3,3,3,3,35,4,1,3,6,0,4,4,4,4,35,0,3,1,2,0,5,5,5,5],
    "influencesPerVertex":2,
    "normals":[0,-0,-1,0,-1,3.97364e-08,1,0,-0,0,1,-3.97364e-08,-1,-0,0,0,-0,1],
    "materials":[{
        "DbgName":"bullet",
        "blending":1,
        "DbgIndex":0,
        "transparent":false,
        "depthWrite":true,
        "wireframe":false,
        "colorSpecular":[0.5,0.5,0.5],
        "opacity":1,
        "colorEmissive":[0,0,0],
        "shading":"phong",
        "visible":true,
        "specularCoef":50,
        "colorDiffuse":[0.8,0,0.0706276],
        "DbgColor":15658734,
        "depthTest":true,
        "doubleSided":false
    }],
    "uvs":[],
    "bones":[],
    "metadata":{
        "version":3,
        "generator":"io_three",
        "faces":6,
        "normals":6,
        "materials":1,
        "type":"Geometry",
        "vertices":8,
        "bones":0,
        "uvs":0
    },
    "animations":[],
    "vertices":[0.469291,0.386009,1.5,-0.469291,-0.391745,1.5,0.469291,-0.391745,1.5,-0.469291,0.386009,1.5,-0.469291,-0.391745,-1.5,0.469291,-0.391745,-1.5,-0.469291,0.386009,-1.5,0.469291,0.386009,-1.5],
    "skinIndices":[]
}