{
    "vertices":[0.31286,0.256383,1,-0.31286,-0.262119,1,0.31286,-0.262119,1,-0.31286,0.256383,1,-0.31286,-0.262119,-1,0.31286,-0.262119,-1,-0.31286,0.256383,-1,0.31286,0.256383,-1],
    "metadata":{
        "type":"Geometry",
        "generator":"io_three",
        "uvs":0,
        "vertices":8,
        "faces":6,
        "materials":1,
        "version":3,
        "normals":6,
        "bones":0
    },
    "influencesPerVertex":2,
    "animations":[],
    "normals":[0,-0,-1,0,-1,2.98023e-08,1,0,-0,0,1,-2.98023e-08,-1,-0,0,0,-0,1],
    "uvs":[],
    "bones":[],
    "faces":[35,5,4,6,7,0,0,0,0,0,35,2,1,4,5,0,1,1,1,1,35,0,2,5,7,0,2,2,2,2,35,0,7,6,3,0,3,3,3,3,35,4,1,3,6,0,4,4,4,4,35,0,3,1,2,0,5,5,5,5],
    "materials":[{
        "colorDiffuse":[0.8,0,0.0706276],
        "specularCoef":50,
        "depthWrite":true,
        "DbgIndex":0,
        "wireframe":false,
        "colorEmissive":[0,0,0],
        "visible":true,
        "depthTest":true,
        "doubleSided":false,
        "DbgColor":15658734,
        "transparent":false,
        "opacity":1,
        "shading":"phong",
        "DbgName":"bullet",
        "colorSpecular":[0.5,0.5,0.5],
        "blending":1
    }],
    "skinIndices":[],
    "skinWeights":[]
}