{
    "influencesPerVertex":2,
    "uvs":[[0.945815,0.295289,0.911539,0.295289,0.911539,0.151747,0.945815,0.151747,0.96202,0.600268,0.96202,0.743809,0.927744,0.743809,0.927744,0.600268,0.8895,0.301404,0.92366,0.301404,0.92366,0.48409,0.8895,0.48409,0.922686,0.782953,0.888526,0.782953,0.888526,0.600268,0.922686,0.600268,0.498035,0.372976,0.35552,0.372976,0.35552,0.190291,0.498035,0.190291,0.498109,0.185221,0.35552,0.185221,0.35552,0.00253522,0.498109,0.00253518,0.813339,0.168529,0.798389,0.168529,0.798389,0.118022,0.813339,0.118022,0.778381,0.168529,0.778381,0.118022,0.793331,0.118022,0.793331,0.168529,0.836122,0.71012,0.850221,0.71012,0.850221,0.835418,0.836122,0.835418,0.967522,0.301404,0.981622,0.301404,0.981622,0.426702,0.967522,0.426702,0.906481,0.295289,0.85922,0.295289,0.85922,0.169991,0.906481,0.169991,0.418193,0.759394,0.467897,0.759394,0.467897,0.884692,0.418192,0.884692,0.899598,0.164921,0.85922,0.161945,0.85922,0.00253518,0.899598,0.0055109,0.68097,0.919701,0.68097,0.760291,0.721348,0.757315,0.721348,0.916725,0.35552,0.874881,0.395937,0.874881,0.395937,0.947574,0.35552,0.947574,0.675912,0.600268,0.675912,0.758585,0.603394,0.758585,0.603394,0.600268,0.753488,0.600268,0.753488,0.752245,0.68097,0.752245,0.68097,0.600268,0.418192,0.889763,0.458609,0.889763,0.458609,0.962456,0.418192,0.962456,0.663571,0.873508,0.663571,0.96552,0.639141,0.96552,0.639141,0.873508,0.817747,0.112951,0.725958,0.112951,0.725958,0.00253518,0.817747,0.00253518,0.991508,0.600268,0.991508,0.692279,0.967078,0.692279,0.967078,0.600268,0.850335,0.70505,0.758546,0.70505,0.758546,0.600268,0.850335,0.600268,0.461403,0.754324,0.461403,0.642211,0.486278,0.642211,0.486278,0.754324,0.346313,0.844767,0.346313,0.95688,0.321438,0.95688,0.321438,0.844767,0.957942,0.129648,0.957942,0.00253518,0.97929,0.0025352,0.97929,0.129648,0.603394,0.454456,0.7302,0.454456,0.7302,0.595197,0.603394,0.595197,0.830222,0.581569,0.830222,0.454456,0.848488,0.454456,0.848488,0.581569,0.629973,0.143277,0.503167,0.143277,0.503167,0.0025352,0.629973,0.00253518,0.941812,0.959333,0.941812,0.788023,0.967529,0.788023,0.967529,0.959333,0.752123,0.757315,0.752123,0.928625,0.726406,0.928625,0.726406,0.757315,0.773323,0.118022,0.773323,0.175776,0.725958,0.175776,0.725958,0.118022,0.35552,0.759394,0.413134,0.759394,0.413134,0.869811,0.35552,0.869811,0.935892,0.905207,0.935892,0.962961,0.888526,0.962961,0.888526,0.905207,0.603394,0.763656,0.661008,0.763656,0.661008,0.868438,0.603394,0.868438,0.491688,0.93808,0.491688,0.825967,0.539916,0.825967,0.539916,0.93808,0.593202,0.825967,0.593202,0.93808,0.544974,0.93808,0.544974,0.825967,0.758546,0.84707,0.792143,0.84707,0.792143,0.951161,0.758546,0.951161,0.797202,0.951161,0.797202,0.84707,0.830799,0.84707,0.830799,0.951161,0.239618,0.95081,0.20657,0.95081,0.20657,0.844767,0.239618,0.844767,0.700396,0.190291,0.802807,0.190291,0.802807,0.296334,0.700396,0.296334,0.589037,0.820897,0.491688,0.820897,0.491688,0.714854,0.589037,0.714854,0.244676,0.844767,0.277724,0.844767,0.277724,0.95081,0.244676,0.95081,0.962464,0.581053,0.928718,0.578453,0.928718,0.443764,0.962464,0.446364,0.928718,0.438694,0.928718,0.304005,0.962464,0.301404,0.962464,0.436093,0.68097,0.924771,0.711363,0.924771,0.711363,0.997465,0.68097,0.997465,0.851309,0.301404,0.851309,0.425772,0.778791,0.425772,0.778791,0.301404,0.831063,0.71012,0.831063,0.842,0.758546,0.842,0.758546,0.71012,0.967078,0.69735,0.997471,0.69735,0.997471,0.770043,0.967078,0.770043,0.8895,0.48916,0.923098,0.48916,0.923098,0.593251,0.8895,0.593251,0.282782,0.948858,0.282782,0.844767,0.31638,0.844767,0.31638,0.948858,0.177425,0.844767,0.201512,0.844767,0.201512,0.989438,0.177425,0.989438,0.700396,0.301404,0.773733,0.301404,0.773733,0.446076,0.700396,0.446076,0.635031,0.00253518,0.720899,0.0025352,0.720899,0.147207,0.635031,0.147207,0.950873,0.150617,0.974959,0.150617,0.974959,0.295289,0.950873,0.295289,0.35552,0.637141,0.35552,0.378047,0.447464,0.378047,0.447464,0.637141,0.487404,0.378047,0.487404,0.637141,0.452522,0.637141,0.452522,0.378047,0.695337,0.190291,0.695338,0.449385,0.603394,0.449385,0.603394,0.190291,0.822805,0.261629,0.822805,0.00253518,0.854162,0.0025352,0.854162,0.261629,0.172367,0.946212,0.134234,0.946212,0.134234,0.844767,0.172367,0.844767,0.129176,0.946212,0.0910433,0.946212,0.0910434,0.844767,0.129176,0.844767,0.0417281,0.844767,0.0417281,0.95688,0.00252906,0.95688,0.00252905,0.844767,0.735258,0.566568,0.735258,0.454456,0.825164,0.454456,0.825164,0.566568,0.0859852,0.844767,0.0859852,0.956879,0.0467862,0.956879,0.0467862,0.844767,0.456345,0.642211,0.456345,0.754324,0.35552,0.754324,0.35552,0.642211,0.904656,0.114648,0.904656,0.00253518,0.952884,0.00253518,0.952884,0.114648,0.936754,0.788023,0.936754,0.900136,0.888526,0.900136,0.888526,0.788023,0.603394,0.873508,0.634083,0.873508,0.634083,0.977189,0.603394,0.977189,0.852779,0.966231,0.852779,0.862549,0.883468,0.862549,0.883468,0.966231,0.856367,0.301404,0.884442,0.301404,0.884442,0.558615,0.856367,0.558615,0.855393,0.600268,0.883468,0.600268,0.883468,0.857479,0.855393,0.857479,0.598336,0.447502,0.503093,0.447502,0.503093,0.190291,0.598336,0.190291,0.503093,0.452572,0.589037,0.452572,0.589037,0.709783,0.503093,0.709783,0.350462,0.839696,0.00252917,0.839696,0.00252905,0.0025352,0.350462,0.00253518]],
    "normals":[-1.87498e-09,-1,3.6129e-08,0,1,-0,0.983285,-9.7651e-09,-0.182073,-0.983285,7.81208e-09,0.182073,-0.182073,-5.23582e-08,-0.983285,0.182073,4.48785e-08,0.983285,-0,-1,0,0.997301,3.67231e-09,0.0734267,-0.997301,-2.85624e-09,-0.0734267,0.0734269,-4.35846e-08,-0.997301,-0.0734269,4.55217e-08,0.997301,-6.70451e-10,-1,4.73609e-08,-8.71622e-09,1,-5.99177e-08,-0.947888,0,0.318605,-0.387247,-3.38523e-08,-0.921976,0.387247,0,0.921976,0.947888,-8.31032e-09,-0.318605,-0.89839,1.60295e-08,0.439199,-0.439199,-1.90139e-08,-0.89839,0.89839,-1.60295e-08,-0.439199,0.439199,3.80278e-08,0.89839,-0,-1,-0,0,1,0,-0.765624,-2.99276e-08,-0.643289,0.643289,-7.20588e-08,-0.765623,0.765624,1.12229e-08,0.643289,-0.643289,3.60294e-08,0.765623,0,-1,-0,-0,1,0,-0.89839,0,0.439199,-0.439199,-3.02922e-08,-0.89839,0.89839,-1.75622e-08,-0.439199,0.439199,3.02922e-08,0.89839,-0,-1,-0,7.45058e-09,-1,4.37114e-08,-0,1,-0,-0.901954,2.05947e-08,0.431831,-0.431831,-5.33083e-08,-0.901955,0.431831,5.33083e-08,0.901955,0.901954,-2.05947e-08,-0.431831,4.79161e-09,-1,3.72082e-08,-9.58322e-09,1,-7.44163e-08,-0.98196,-9.941e-09,-0.189089,0.113268,-7.01148e-08,-0.993564,-0.113268,3.00492e-08,0.993564,0.98196,4.9705e-09,0.189089,7.45058e-09,-1,4.37114e-08,-0.874653,-2.01277e-08,-0.48475,0.48475,-3.90746e-08,-0.874653,-0.48475,5.20995e-08,0.874653,0.874653,2.51596e-08,0.484749,-0.767153,3.7312e-08,0.641464,-0.641464,-2.97065e-08,-0.767153,0.767153,-2.23872e-08,-0.641464,0.641464,4.45597e-08,0.767153,-1.32917e-09,-1,4.77114e-08,-0.937123,-1.80941e-08,-0.348998,0.348998,-3.12097e-08,-0.937123,0.937123,1.35706e-08,0.348998,-0.348998,3.12097e-08,0.937123,-3.62318e-08,-1,2.93657e-08,0.776876,-3.09852e-08,-0.629654,-0.776876,3.09852e-08,0.629654,-0.629654,-4.41295e-08,-0.776876,0.629654,2.94197e-08,0.776876,0,5.54565e-08,1],
    "materials":[{
        "DbgIndex":0,
        "colorEmissive":[0,0,0],
        "mapDiffuseWrap":["repeat","repeat"],
        "depthTest":true,
        "mapDiffuseAnisotropy":1,
        "opacity":1,
        "visible":true,
        "DbgName":"main_menu_white",
        "shading":"lambert",
        "blending":1,
        "mapDiffuseRepeat":[1,1],
        "depthWrite":true,
        "doubleSided":false,
        "colorDiffuse":[1,1,1],
        "transparent":false,
        "mapDiffuse":"main_menu_texture.png",
        "DbgColor":15658734,
        "wireframe":false
    },{
        "DbgIndex":1,
        "colorEmissive":[0,0,0],
        "mapDiffuseWrap":["repeat","repeat"],
        "depthTest":true,
        "mapDiffuseAnisotropy":1,
        "opacity":1,
        "visible":true,
        "DbgName":"main_menu_yellow",
        "shading":"lambert",
        "blending":1,
        "mapDiffuseRepeat":[1,1],