{
    "skinWeights":[],
    "materials":[{
        "colorEmissive":[0,0,0],
        "visible":true,
        "DbgIndex":0,
        "DbgName":"test",
        "wireframe":false,
        "specularCoef":50,
        "blending":1,
        "depthWrite":true,
        "depthTest":true,
        "colorSpecular":[0.1,0.1,0.1],
        "opacity":1,
        "transparent":false,
        "DbgColor":15658734,
        "colorDiffuse":[0.799103,0.00518152,0.0137021],
        "shading":"phong",
        "doubleSided":false
    }],
    "skinIndices":[],
    "influencesPerVertex":2,
    "uvs":[],
    "faces":[35,0,8,9,2,0,0,0,0,0,35,2,9,10,6,0,1,1,1,1,35,6,10,11,4,0,2,2,2,2,35,8,0,4,11,0,3,3,3,3,35,4,0,2,6,0,4,4,4,4,35,5,7,14,15,0,2,2,2,2,35,1,3,9,8,0,5,5,5,5,35,3,7,10,9,0,6,6,6,6,35,7,5,11,10,0,7,7,7,7,35,5,1,8,11,0,8,8,8,8,35,14,13,12,15,0,8,8,8,8,35,3,1,12,13,0,9,9,9,9,35,1,5,15,12,0,10,10,10,10,35,7,3,13,14,0,11,11,11,11],
    "normals":[-1,0,0,0,-2.98023e-08,-1,1,0,0,0,2.98023e-08,1,0,-1,2.98023e-08,-7.95166e-08,1,-1.83376e-08,0,1,-1.59033e-07,7.95166e-08,1,-1.83376e-08,0,1,0,-1,-0,0,0,0,1,0,-0,-1],
    "animations":[],
    "metadata":{
        "type":"Geometry",
        "uvs":0,
        "faces":14,
        "generator":"io_three",
        "version":3,
        "normals":12,
        "materials":1,
        "vertices":16,
        "bones":0
    },
    "vertices":[-1,-1,1,-0.625206,1,0.625206,-1,-1,-1,-0.625206,1,-0.625206,1,-1,1,0.625206,1,0.625206,1,-1,-1,0.625206,1,-0.625206,-1,1,1,-1,1,-1,1,1,-1,1,1,1,-0.625206,1.89815,0.625206,-0.625206,1.89815,-0.625206,0.625206,1.89815,-0.625206,0.625206,1.89815,0.625206],
    "bones":[]
}